dog ID, image_name
6000,A*Y6obS6__26oAAAAAAAAAAAAAAQAAAQ.jpg
6000,A*WGFKRoJO-UMAAAAAAAAAAAAACjV1AA.jpg
6001,A*3G3yTa_odWgAAAAAAAAAAAAAAQAAAQ.jpg
6001,A*asf1TJSX2TgAAAAAAAAAAAAACjV1AA.jpg
6002,A*MBWvR4pTGZsAAAAAAAAAAAAAAQAAAQ.jpg
6002,A*SMBqRr1S4-j1WkpEifYM3wAACjV1AA.jpg
6003,A*qg8zR65UnY8AAAAAAAAAAAAACjV1AA.jpg
6003,A*UaWDQLutWTcAAAAAAAAAAAAAAQAAAQ.jpg
6004,A*Q9rSRLOC244AAAAAAAAAAAAAAQAAAQ.jpg
6004,A*Ut2TQqRIE88AAAAAAAAAAAAACjV1AA.jpg
6005,A*lXL8SL8dcMYAAAAAAAAAAAAAAQAAAQ.jpg
6005,A*xNLtSKx6Oo8AAAAAAAAAAAAACjV1AA.jpg
6006,A*cEIWSJjRV3EAAAAAAAAAAAAACjV1AA.jpg
6006,A*QVWkTaRgU_gAAAAAAAAAAAAAAQAAAQ.jpg
6007,A*laN3Sai996gAAAAAAAAAAAAAAQAAAQ.jpg
6007,A*s4E4QKNrYGMAAAAAAAAAAAAACjV1AA.jpg
6008,A*kbhNTKkFLHNnP7NOv-w1uAAACjV1AA.jpg
6008,A*0kDfQYQCqvgAAAAAAAAAAAAAAQAAAQ.jpg
6009,A*-LNVQqsZJbcAAAAAAAAAAAAAAQAAAQ.jpg
6009,A*kV0QTqI7eEIAAAAAAAAAAAAACjV1AA.jpg
6010,A*95MqSbOCu20AAAAAAAAAAAAAAQAAAQ.jpg
6010,A*SUXMSrkXKkQAAAAAAAAAAAAACjV1AA.jpg
6011,A*5okETINuOpoAAAAAAAAAAAAAAQAAAQ.jpg
6011,A*2bwfS4sy0fwAAAAAAAAAAAAACjV1AA.jpg
6012,A*2t2gRatFfFoAAAAAAAAAAAAAAQAAAQ.jpg
6012,A*M2qMTJ0JULgAAAAAAAAAAAAACjV1AA.jpg
6013,A*oBwMR74ozMYAAAAAAAAAAAAACjV1AA.jpg
6013,A*lYbKR7dX1SAAAAAAAAAAAAAAAQAAAQ.jpg
6014,A*vsw0Sa3qBS8AAAAAAAAAAAAAAQAAAQ.jpg
6014,A*VTvFQKRZfUIAAAAAAAAAAAAACjV1AA.jpg
6015,A*wMTNRa9PqgQAAAAAAAAAAAAAAQAAAQ.jpg
6015,A*62ZETKI9otsAAAAAAAAAAAAACjV1AA.jpg
6016,A*UdajQryHxHkAAAAAAAAAAAAAAQAAAQ.jpg
6016,A*fy-bRbjDEYoAAAAAAAAAAAAACjV1AA.jpg
6017,A*elopTY1q81IAAAAAAAAAAAAAAQAAAQ.jpg
6017,A*fi37Rp3zTNUAAAAAAAAAAAAACjV1AA.jpg
6018,A*6JCNT68ZAgYAAAAAAAAAAAAAAQAAAQ.jpg
6018,A*yoEPQ4N8KPMAAAAAAAAAAAAACjV1AA.jpg
6019,A*KdPtTpVJSAwAAAAAAAAAAAAAAQAAAQ.jpg
6019,A*G4d5RJgdw2MAAAAAAAAAAAAACjV1AA.jpg
6020,A*rCp0T6CKXmoAAAAAAAAAAAAAAQAAAQ.jpg
6020,A*Z_syRZ4UeKwAAAAAAAAAAAAACjV1AA.jpg
6021,A*KPyvT4lz_83ETztJgyjvRAAAAQAAAQ.jpg
6021,A*SnIwQrakxFYAAAAAAAAAAAAACjV1AA.jpg
6022,A*qI4GQIoHi4kAAAAAAAAAAAAAAQAAAQ.jpg
6022,A*cT2DQIxy7o4AAAAAAAAAAAAACjV1AA.jpg
6023,A*FTUXQ4PYcLYAAAAAAAAAAAAAAQAAAQ.jpg
6023,A*RCARSbtsTJqljo9AquQeTwAACjV1AA.jpg
6024,A*7qw8S6OEVCYAAAAAAAAAAAAAAQAAAQ.jpg
6024,A*1AdjTY8X0EsAAAAAAAAAAAAACjV1AA.jpg
6025,A*Zmw-RbYloZ74otZLuANrXAAAAQAAAQ.jpg
6025,A*JlgbRLOWudEAAAAAAAAAAAAACjV1AA.jpg
6026,A*gfC0SJMdC08AAAAAAAAAAAAACjV1AA.jpg
6026,A*PoPqTogidnQAAAAAAAAAAAAAAQAAAQ.jpg
6027,A*ZmtoQqGf05EAAAAAAAAAAAAAAQAAAQ.jpg
6027,A*lSnmQKRxxWQAAAAAAAAAAAAACjV1AA.jpg
6028,A*VxY5S486BaoAAAAAAAAAAAAACjV1AA.jpg
6028,A*vhkrQY70fKQAAAAAAAAAAAAAAQAAAQ.jpg
6029,A*PXEOTKM5yqGIy2ROstK32AAAAQAAAQ.jpg
6029,A*SqbMQL4Rb5u3_QhNp14RtAAACjV1AA.jpg
6030,A*N-0XRakEO_sAAAAAAAAAAAAACjV1AA.jpg
6030,A*THwfSoTqHbYAAAAAAAAAAAAAAQAAAQ.jpg
6031,A*ajtCQqRVm7cAAAAAAAAAAAAACjV1AA.jpg
6031,A*8F7tTKlKyd4AAAAAAAAAAAAAAQAAAQ.jpg
6032,A*ol7aSpT3uOkAAAAAAAAAAAAAAQAAAQ.jpg
6032,A*XMaCSL7elYUAAAAAAAAAAAAACjV1AA.jpg
6033,A*kcoTRJ98wWkAAAAAAAAAAAAAAQAAAQ.jpg
6033,A*BqjFTLNDPf0AAAAAAAAAAAAACjV1AA.jpg
6034,A*cZ_jT71mkbMAAAAAAAAAAAAAAQAAAQ.jpg
6034,A*oe1ITYzgG4IAAAAAAAAAAAAACjV1AA.jpg
6035,A*V9bMSIPcllMAAAAAAAAAAAAAAQAAAQ.jpg
6035,A*9OGkRYpbCYRSmfNHlIiHfwAACjV1AA.jpg
6036,A*DKfXQpxRPbkAAAAAAAAAAAAAAQAAAQ.jpg
6036,A*ToF3QIbfejwAAAAAAAAAAAAACjV1AA.jpg
6037,A*1XHEQpFgQZ4AAAAAAAAAAAAAAQAAAQ.jpg
6037,A*xk1SRbNMVfIAAAAAAAAAAAAACjV1AA.jpg
6038,A*7xGVR7evbTMAAAAAAAAAAAAAAQAAAQ.jpg
6038,A*ZNu2Rq99Y2sAAAAAAAAAAAAACjV1AA.jpg
6039,A*dGHES5e2Z70AAAAAAAAAAAAAAQAAAQ.jpg
6039,A*me-7SKuO0QMAAAAAAAAAAAAACjV1AA.jpg
6040,A*4FUxR4rikBYAAAAAAAAAAAAAAQAAAQ.jpg
6040,A*SXLlRaJXT9z6CbBIvA56bQAACjV1AA.jpg
6041,A*cgGtQ5sH4JgAAAAAAAAAAAAAAQAAAQ.jpg
6041,A*jwb2R61UUIYAAAAAAAAAAAAACjV1AA.jpg
6042,A*LKcdTJn9Z1gAAAAAAAAAAAAACjV1AA.jpg
6042,A*Y9XPSpJYc0oAAAAAAAAAAAAAAQAAAQ.jpg
6043,A*odM6Q57AG0YAAAAAAAAAAAAAAQAAAQ.jpg
6043,A*SnApQ64TIvcAAAAAAAAAAAAACjV1AA.jpg
6044,A*s5OlSYz9ZnsAAAAAAAAAAAAACjV1AA.jpg
6044,A*eLylSqBpef4AAAAAAAAAAAAACjV1AA.jpg
6045,A*tJgSS791yNUAAAAAAAAAAAAAAQAAAQ.jpg
6045,A*pZ5OS4qW5vsAAAAAAAAAAAAACjV1AA.jpg
6046,A*UcUmTrh3GzkAAAAAAAAAAAAAAQAAAQ.jpg
6046,A*iHhbSJF9tp8AAAAAAAAAAAAACjV1AA.jpg
6047,A*aIA8SrDtCqMAAAAAAAAAAAAAAQAAAQ.jpg
6047,A*dFPhSp8WtJbwLS1Fi85LcwAACjV1AA.jpg
6048,A*_ePiSaNDFTwAAAAAAAAAAAAAAQAAAQ.jpg
6048,A*QI3bTrqy9NQAAAAAAAAAAAAACjV1AA.jpg
6049,A*2L4MQqLFRSQAAAAAAAAAAAAAAQAAAQ.jpg
6049,A*z1FoRLchnj4AAAAAAAAAAAAACjV1AA.jpg
6050,O1CN019RpbUx1IaMfojE0vg_!!0-mtopupload.jpg
6050,A*aOreRIMYk20AAAAAAAAAAAAACjV1AA.jpg
6051,A*kJY9Qb5C9v0AAAAAAAAAAAAAAQAAAQ.jpg
6051,A*lix6SYN0QiUAAAAAAAAAAAAACjV1AA.jpg
6052,A*9teYTYgbcl0DyIRGuRcKwgAAAQAAAQ.jpg
6052,A*9oy6Q5HFgFsAAAAAAAAAAAAACjV1AA.jpg
6053,A*vnjQTrpg8NUAAAAAAAAAAAAACjV1AA.jpg
6053,O1CN018oY90H1xBzqFmVZ7Z_!!0-mtopupload.jpg
6054,A*NnhlTK7lGVYAAAAAAAAAAAAAAQAAAQ.jpg
6054,A*LJ-yTYID_ToAAAAAAAAAAAAACjV1AA.jpg
6055,A*lQVZTqPbIYoAAAAAAAAAAAAACjV1AA.jpg
6055,A*niD8RK6uYITitnNHgdZUbgAAAQAAAQ.jpg
6056,A*zydKQYYo9voAAAAAAAAAAAAACjV1AA.jpg
6056,A*G1-cTIrdQG4AAAAAAAAAAAAACjV1AA.jpg
6057,A*rk3bQrwwaagAAAAAAAAAAAAACjV1AA.jpg
6057,A*EedPQ6S6KBcAAAAAAAAAAAAAAQAAAQ.jpg
6058,A*8YjnQLYMp3sAAAAAAAAAAAAAAQAAAQ.jpg
6058,A*RI7hTbZMAizQRZJFhT7_OgAACjV1AA.jpg
6059,A*DID3Rr-7tP0AAAAAAAAAAAAAAQAAAQ.jpg
6059,A*k08ISKndF2EAAAAAAAAAAAAACjV1AA.jpg
6060,A*sUMCS7Sqbh8AAAAAAAAAAAAACjV1AA.jpg
6060,A*ogUCQbIDh7cAAAAAAAAAAAAAAQAAAQ.jpg
6061,A*gwb4RIZF5aAAAAAAAAAAAAAAAQAAAQ.jpg
6061,A*3ErvRbg_DLEAAAAAAAAAAAAACjV1AA.jpg
6062,A*T6cATah2dm4AAAAAAAAAAAAAAQAAAQ.jpg
6062,A*g0ilRKWRRVsAAAAAAAAAAAAACjV1AA.jpg
6063,A*CqccRLB2hz4AAAAAAAAAAAAAAQAAAQ.jpg
6063,A*mI1AS5EGhuUAAAAAAAAAAAAACjV1AA.jpg
6064,O1CN01UBdbQJ1e9j7hj6mOu_!!0-mtopupload.jpg
6064,A*JwgEQ4GhjcLvMHJEs2Y5FQAACjV1AA.jpg
6065,A*KGv_QoFD-bwAAAAAAAAAAAAAAQAAAQ.jpg
6065,A*hWJNTr-Wxr0AAAAAAAAAAAAACjV1AA.jpg
6066,A*iVyuTKDtzG8AAAAAAAAAAAAAAQAAAQ.jpg
6066,A*MT3fTbrs67MAAAAAAAAAAAAACjV1AA.jpg
6067,A*zTeFSZTHG3kAAAAAAAAAAAAAAQAAAQ.jpg
6067,A*pSHmTZk8Sq0AAAAAAAAAAAAACjV1AA.jpg
6068,A*KE-2Tqxmz5YAAAAAAAAAAAAAAQAAAQ.jpg
6068,A*-m5JS6iLbW0AAAAAAAAAAAAACjV1AA.jpg
6069,A*uVUySrfs7oYAAAAAAAAAAAAAAQAAAQ.jpg
6069,A*JyCrR44RPAMAAAAAAAAAAAAACjV1AA.jpg
6070,A*_bccQprVXGgAAAAAAAAAAAAACjV1AA.jpg
6070,A*2xiMS7iV2u0AAAAAAAAAAAAAAQAAAQ.jpg
6071,A*mL1TSKCjcfUAAAAAAAAAAAAAAQAAAQ.jpg
6071,A*fkz6Q75J4pkAAAAAAAAAAAAACjV1AA.jpg
6072,A*cwYgQ6u9WnwAAAAAAAAAAAAAAQAAAQ.jpg
6072,A*10S6QrQzq8YAAAAAAAAAAAAACjV1AA.jpg
6073,A*XnEFSpVbDloAAAAAAAAAAAAACjV1AA.jpg
6073,A*ckCYR7K_0H4AAAAAAAAAAAAAAQAAAQ.jpg
6074,A*tRHyS6LPNi8AAAAAAAAAAAAACjV1AA.jpg
6074,A*K9usR7Rf0XEAAAAAAAAAAAAAAQAAAQ.jpg
6075,A*dJbUS4p1Y9oAAAAAAAAAAAAAAQAAAQ.jpg
6075,A*7dvzSbzUoDMAAAAAAAAAAAAACjV1AA.jpg
6076,O1CN017wBWfT1fJAyTRphbe_!!0-mtopupload.jpg
6076,A*ai_gQb_X4zoAAAAAAAAAAAAACjV1AA.jpg
6077,A*Nl2_Sr2uTrUAAAAAAAAAAAAAAQAAAQ.jpg
6077,A*vSuyR7HVRlkAAAAAAAAAAAAACjV1AA.jpg
6078,A*PO41T4I_Bo0AAAAAAAAAAAAAAQAAAQ.jpg
6078,A*gnUkTqMBwx8AAAAAAAAAAAAACjV1AA.jpg
6079,A*CaILQrRqGAAAAAAAAAAAAAAACjV1AA.jpg
6079,A*1maERbymaWEAAAAAAAAAAAAAAQAAAQ.jpg
6080,A*5oy7Q4NNUwgAAAAAAAAAAAAAAQAAAQ.jpg
6080,A*kdmwQJZkquwAAAAAAAAAAAAACjV1AA.jpg
6081,A*WLCgQbmd2WEAAAAAAAAAAAAAAQAAAQ.jpg
6081,A*IrcdRb1kRVoAAAAAAAAAAAAACjV1AA.jpg
6082,A*KltyQIfv7zQAAAAAAAAAAAAACjV1AA.jpg
6082,O1CN01nBNkCA1NgqJvAEvuB_!!0-mtopupload.jpg
6083,A*PY87Qqkqw-kAAAAAAAAAAAAAAQAAAQ.jpg
6083,A*HfDFTrQAcygAAAAAAAAAAAAACjV1AA.jpg
6084,A*VXEQQLDCf-IAAAAAAAAAAAAAAQAAAQ.jpg
6084,A*PbxsRLyJg_8AAAAAAAAAAAAACjV1AA.jpg
6085,A*4JmdRIv7ZhEAAAAAAAAAAAAAAQAAAQ.jpg
6085,A*NQXnTY4gAmQAAAAAAAAAAAAACjV1AA.jpg
6086,A*guOFR6Vk8qAAAAAAAAAAAAAACjV1AA.jpg
6086,A*qTeRRIeAIcQAAAAAAAAAAAAAAQAAAQ.jpg
6087,A*nA5aTb47fxQAAAAAAAAAAAAAAQAAAQ.jpg
6087,A*zwDzQLBaZS8AAAAAAAAAAAAACjV1AA.jpg
6088,A*Sw-fQ6CRHB4AAAAAAAAAAAAACjV1AA.jpg
6088,A*GQFuRJVW3pgAAAAAAAAAAAAAAQAAAQ.jpg
6089,A*4FpBT7v07ygAAAAAAAAAAAAAAQAAAQ.jpg
6089,A*Vi9wT7RACPAAAAAAAAAAAAAACjV1AA.jpg
6090,A*fEZPSoulZ-EAAAAAAAAAAAAAAQAAAQ.jpg
6090,A*wQLaT7SH7H8AAAAAAAAAAAAACjV1AA.jpg
6091,A*xoU1S7hqEccAAAAAAAAAAAAAAQAAAQ.jpg
6091,A*RXgPQbgj834AAAAAAAAAAAAACjV1AA.jpg
6092,A*qVwARrPZxmUAAAAAAAAAAAAAAQAAAQ.jpg
6092,A*_fh-SJCSC7uHyZRImBZpkQAACjV1AA.jpg
6093,A*l6ylSI5zBOEAAAAAAAAAAAAACjV1AA.jpg
6093,A*bAJmSZZ177cAAAAAAAAAAAAAAQAAAQ.jpg
6094,A*WJDmQoFx0xcAAAAAAAAAAAAAAQAAAQ.jpg
6094,A*JmCKQaDzP3EAAAAAAAAAAAAACjV1AA.jpg
6095,A*O7EOS6d6LzQAAAAAAAAAAAAAAQAAAQ.jpg
6095,A*js4UQbPd7SkAAAAAAAAAAAAACjV1AA.jpg
6096,A*imNISZH2h2cAAAAAAAAAAAAAAQAAAQ.jpg
6096,A*RaVMQY8Xig0AAAAAAAAAAAAACjV1AA.jpg
6097,A*gZ3XRIlOHPsAAAAAAAAAAAAAAQAAAQ.jpg
6097,A*5rplQ62NIskAAAAAAAAAAAAACjV1AA.jpg
6098,A*4btQTIeWATYAAAAAAAAAAAAACjV1AA.jpg
6098,A*UvK5RISwD9wAAAAAAAAAAAAAAQAAAQ.jpg
6099,A*PmwyToJMykkAAAAAAAAAAAAAAQAAAQ.jpg
6099,A*OT8yTbhh1tEAAAAAAAAAAAAACjV1AA.jpg
6100,A*XASITrOUbLUAAAAAAAAAAAAAAQAAAQ.jpg
6100,A*LIEjQrcleM8AAAAAAAAAAAAACjV1AA.jpg
6101,A*T56eSrUI_fMAAAAAAAAAAAAAAQAAAQ.jpg
6101,A*cQwMS5fC4zUAAAAAAAAAAAAACjV1AA.jpg
6102,A*9ER3SImXZC8AAAAAAAAAAAAACjV1AA.jpg
6102,A*4nMoQ5SJxhYAAAAAAAAAAAAACjV1AA.jpg
6103,A*sGKaS6EQlWEAAAAAAAAAAAAACjV1AA.jpg
6103,A*QBRbR51DiNsAAAAAAAAAAAAACjV1AA.jpg
6104,A*ep_jQqkUslYAAAAAAAAAAAAAAQAAAQ.jpg
6104,A*nD-DSYWeARkAAAAAAAAAAAAACjV1AA.jpg
6105,A*jyTcRpgDmAUAAAAAAAAAAAAAAQAAAQ.jpg
6105,A*Hv_lS51R7LwAAAAAAAAAAAAACjV1AA.jpg
6106,A*iakpRomHRh_dQcxEuglhdwAAAQAAAQ.jpg
6106,A*Ua2jQ4Sy4jsAAAAAAAAAAAAACjV1AA.jpg
6107,A*rwiMQZRNvlgAAAAAAAAAAAAAAQAAAQ.jpg
6107,A*k10iTbiV3OsAAAAAAAAAAAAACjV1AA.jpg
6108,A*6BxFSK1YNrUAAAAAAAAAAAAAAQAAAQ.jpg
6108,A*tbC4SIxQwaoAAAAAAAAAAAAACjV1AA.jpg
6109,A*yjk1TYBsEvcAAAAAAAAAAAAACjV1AA.jpg
6109,A*aAxCRYXkgOoAAAAAAAAAAAAAAQAAAQ.jpg
6110,A*pOmFRpQK1ALTrzBGssGr1QAAAQAAAQ.jpg
6110,A*Wmy2QZA9VDwAAAAAAAAAAAAACjV1AA.jpg
6111,A*8gjAQ6u-Ew4AAAAAAAAAAAAAAQAAAQ.jpg
6111,A*qtnHQKX853YAAAAAAAAAAAAACjV1AA.jpg
6112,A*ZrGHT5Ft1Ip0kzxBm1vCMwAAAQAAAQ.jpg
6112,A*rYJhT6G9-XsAAAAAAAAAAAAACjV1AA.jpg
6113,A*QIugT5yPuoUAAAAAAAAAAAAACjV1AA.jpg
6113,A*yWdYTZN6JAkAAAAAAAAAAAAAAQAAAQ.jpg
6114,A*WK1SSrLGiVkAAAAAAAAAAAAACjV1AA.jpg
6114,O1CN01tTFpNv1CJyn3fwPeY_!!0-mtopupload.jpg
6115,A*2FqERaMKTesAAAAAAAAAAAAACjV1AA.jpg
6115,A*gkoRQ4yVFQwAAAAAAAAAAAAAAQAAAQ.jpg
6116,A*119KQLMjo6EAAAAAAAAAAAAAAQAAAQ.jpg
6116,A*2hKuSakS0yA6MxhDsEWmFQAACjV1AA.jpg
6117,A*CiSvTLYCVngAAAAAAAAAAAAAAQAAAQ.jpg
6117,A*vWdqSJAVVcIAAAAAAAAAAAAACjV1AA.jpg
6118,A*wvx5R6HG7pQAAAAAAAAAAAAAAQAAAQ.jpg
6118,A*vYVgR43GxZCZvnVEonfxfAAACjV1AA.jpg
6119,A*dTQSSYa87pkAAAAAAAAAAAAAAQAAAQ.jpg
6119,A*prWIS7L5kLwAAAAAAAAAAAAACjV1AA.jpg
6120,A*uDY4SLZ2n6MAAAAAAAAAAAAAAQAAAQ.jpg
6120,A*BQWLQIEgkT0AAAAAAAAAAAAACjV1AA.jpg
6121,A*a-tcTKvum7wAAAAAAAAAAAAAAQAAAQ.jpg
6121,A*esfURJil5YUAAAAAAAAAAAAACjV1AA.jpg
6122,A*sg_hS4bY9bcAAAAAAAAAAAAAAQAAAQ.jpg
6122,A*qAFbQJZ-tIEAAAAAAAAAAAAACjV1AA.jpg
6123,A*wJMISI55xG4AAAAAAAAAAAAAAQAAAQ.jpg
6123,A*mnhsRrWQ6tcAAAAAAAAAAAAACjV1AA.jpg
6124,A*l9H3Rpq18usAAAAAAAAAAAAAAQAAAQ.jpg
6124,A*FRxyRbwSBvwAAAAAAAAAAAAACjV1AA.jpg
6125,A*U86ZSZPXGmQAAAAAAAAAAAAAAQAAAQ.jpg
6125,A*uWmVTJ4PtYcAAAAAAAAAAAAACjV1AA.jpg
6126,A*n9RJR5uobuMAAAAAAAAAAAAAAQAAAQ.jpg
6126,A*V1GVS7xBwmsAAAAAAAAAAAAACjV1AA.jpg
6127,A*BQYJQLFDRgkAAAAAAAAAAAAAAQAAAQ.jpg
6127,A*WDH-Tq18Bt0AAAAAAAAAAAAACjV1AA.jpg
6128,A*GSGgQ5n4230AAAAAAAAAAAAAAQAAAQ.jpg
6128,A*YBEPSL9DzXMAAAAAAAAAAAAACjV1AA.jpg
6129,A*5Q5BRrdzfqgAAAAAAAAAAAAAAQAAAQ.jpg
6129,A*8_PJTJRm037YjA5HuJU8dAAACjV1AA.jpg
6130,A*N2xwQayVLKgAAAAAAAAAAAAACjV1AA.jpg
6130,A*ndwwSpScrfIAAAAAAAAAAAAAAQAAAQ.jpg
6131,A*QgY3RKylMFgAAAAAAAAAAAAAAQAAAQ.jpg
6131,A*fVzeSYEP0-cAAAAAAAAAAAAAAQAAAQ.jpg
6132,A*YmaLS6Y9dd0AAAAAAAAAAAAAAQAAAQ.jpg
6132,A*KqkRSLCTaNMAAAAAAAAAAAAACjV1AA.jpg
6133,A*buewQLxt8okAAAAAAAAAAAAACjV1AA.jpg
6133,A*mRN0RqUb-6EAAAAAAAAAAAAAAQAAAQ.jpg
6134,A*-gRtT5Rd_7oAAAAAAAAAAAAAAQAAAQ.jpg
6134,A*C-OESo3llboAAAAAAAAAAAAACjV1AA.jpg
6135,A*N8O8QKhFOccAAAAAAAAAAAAACjV1AA.jpg
6135,A*ifkBSaaMussAAAAAAAAAAAAACjV1AA.jpg
6136,A*Zy4fQLoAB_oAAAAAAAAAAAAAAQAAAQ.jpg
6136,A*kixoRaARDxwAAAAAAAAAAAAACjV1AA.jpg
6137,A*zx7pRIR38vKNpxxPqzjFpQAAAQAAAQ.jpg
6137,A*HdY4Qq2mnJ0AAAAAAAAAAAAACjV1AA.jpg
6138,A*quo0RJUhu8IAAAAAAAAAAAAAAQAAAQ.jpg
6138,A*hXKKTpd49PAAAAAAAAAAAAAACjV1AA.jpg
6139,A*THCMR7FhKpcvoM9AqKMs5AAACjV1AA.jpg
6139,A*1qQvT5-cbgEAAAAAAAAAAAAAAQAAAQ.jpg
6140,A*NZs5QbHYbK4AAAAAAAAAAAAAAQAAAQ.jpg
6140,A*dB-ES5D8egkAAAAAAAAAAAAACjV1AA.jpg
6141,A*mXyWSZTFDvEAAAAAAAAAAAAAAQAAAQ.jpg
6141,A*ZZeJR7WRB8kAAAAAAAAAAAAACjV1AA.jpg
6142,A*VPAQRKGVW2wAAAAAAAAAAAAAAQAAAQ.jpg
6142,A*5nRsSZIWEUMAAAAAAAAAAAAACjV1AA.jpg
6143,A*waoJR6TDAjkAAAAAAAAAAAAAAQAAAQ.jpg
6143,A*KY4ASYhGh0YAAAAAAAAAAAAACjV1AA.jpg
6144,O1CN01e7T46q1eWcxSVtJhO_!!0-mtopupload.jpg
6144,A*-SAmR6qxIGoAAAAAAAAAAAAACjV1AA.jpg
6145,A*OM6KS5Ts_f0AAAAAAAAAAAAAAQAAAQ.jpg
6145,A*nd-uSI7UN_UAAAAAAAAAAAAACjV1AA.jpg
6146,A*3Df2ToMb-o4AAAAAAAAAAAAAAQAAAQ.jpg
6146,A*9mG9SLgPsawAAAAAAAAAAAAACjV1AA.jpg
6147,A*kR9oRr8IqwcAAAAAAAAAAAAAAQAAAQ.jpg
6147,A*BgKoRaOMgNwAAAAAAAAAAAAACjV1AA.jpg
6148,A*7bRiT7WTBFEAAAAAAAAAAAAAAQAAAQ.jpg
6148,A*6bKKS5L0mxq8vXBCnO-3DwAACjV1AA.jpg
6149,A*-gPOQJOyNdYAAAAAAAAAAAAAAQAAAQ.jpg
6149,A*umnkRKrMccYAAAAAAAAAAAAACjV1AA.jpg
6150,A*4CZMQKxGmVkAAAAAAAAAAAAACjV1AA.jpg
6150,A*nf4_QLzPfnYAAAAAAAAAAAAAAQAAAQ.jpg
6151,A*CD1JSIP6-IsAAAAAAAAAAAAAAQAAAQ.jpg
6151,A*frewQb36WT4AAAAAAAAAAAAAAQAAAQ.jpg
6152,A*z4JRS76LTd8AAAAAAAAAAAAAAQAAAQ.jpg
6152,A*y4S7TqV_F-UAAAAAAAAAAAAACjV1AA.jpg
6153,A*TLzGR5FYZfkAAAAAAAAAAAAAAQAAAQ.jpg
6153,A*il_tSLzhiWH43OdGrX50GQAACjV1AA.jpg
6154,A*GHYYQrTLs9MAAAAAAAAAAAAAAQAAAQ.jpg
6154,A*CjzJRL96-WEAAAAAAAAAAAAACjV1AA.jpg
6155,A*HAZ4SrvjdXsAAAAAAAAAAAAACjV1AA.jpg
6155,A*ScAuTZ5_r2wAAAAAAAAAAAAAAQAAAQ.jpg
6156,A*zGSQRLb1clIAAAAAAAAAAAAACjV1AA.jpg
6156,A*-xEmT55rFLUAAAAAAAAAAAAAAQAAAQ.jpg
6157,A*sLR-Q6wmHdIAAAAAAAAAAAAAAQAAAQ.jpg
6157,A*Upy9T73fGoMAAAAAAAAAAAAACjV1AA.jpg
6158,O1CN01q5rC1k1KwSz70A39D_!!0-mtopupload.jpg
6158,A*EvghRYaziBsAAAAAAAAAAAAACjV1AA.jpg
6159,A*nm-TSp7eGIIAAAAAAAAAAAAAAQAAAQ.jpg
6159,A*9lpJT5e_dB0AAAAAAAAAAAAACjV1AA.jpg
6160,A*WhbsTa2KCJcAAAAAAAAAAAAAAQAAAQ.jpg
6160,A*MzVuSLsgchAAAAAAAAAAAAAACjV1AA.jpg
6161,A*DQqgTr_j-ScAAAAAAAAAAAAAAQAAAQ.jpg
6161,A*LYB9R4iGcx8AAAAAAAAAAAAACjV1AA.jpg
6162,A*TZaeS6NL1AbgvSVCj638FwAAAQAAAQ.jpg
6162,A*b_glQLuBM1AAAAAAAAAAAAAACjV1AA.jpg
6163,A*-OeqTJ-36ZgAAAAAAAAAAAAAAQAAAQ.jpg
6163,A*N7rUTJO721EAAAAAAAAAAAAACjV1AA.jpg
6164,A*BUeqRbelpIIAAAAAAAAAAAAAAQAAAQ.jpg
6164,A*4KpbQo49fnH1N-JDjzlYVgAACjV1AA.jpg
6165,A*9dKBSpmBlAIAAAAAAAAAAAAACjV1AA.jpg
6165,A*CRLVTJ0eMCQAAAAAAAAAAAAAAQAAAQ.jpg
6166,A*0z_LTo0ZC4oAAAAAAAAAAAAAAQAAAQ.jpg
6166,A*pCMeR6hAiKp3k91PmJ598AAACjV1AA.jpg
6167,A*5BhERow0nYzlUi1Juaz3YwAAAQAAAQ.jpg
6167,A*LbnVTpp2Ru8AAAAAAAAAAAAACjV1AA.jpg
6168,A*JWlkSpJzvasAAAAAAAAAAAAACjV1AA.jpg
6168,A*7CJNSLLO2LYAAAAAAAAAAAAAAQAAAQ.jpg
6169,A*LrD_SJ45m24AAAAAAAAAAAAACjV1AA.jpg
6169,A*_jfdQaQckUAtAFJOuybbpwAAAQAAAQ.jpg
6170,A*6jjOSYBkFs8AAAAAAAAAAAAACjV1AA.jpg
6170,A*4I0rRb3Yok4AAAAAAAAAAAAAAQAAAQ.jpg
6171,A*xnLJSZ0MQOEAAAAAAAAAAAAACjV1AA.jpg
6171,A*9FMZS6bONjUAAAAAAAAAAAAAAQAAAQ.jpg
6172,A*amT0Qpm0e1QAAAAAAAAAAAAACjV1AA.jpg
6172,A*TWhJQJalc3YAAAAAAAAAAAAAAQAAAQ.jpg
6173,A*-hBeRLfTuZDl0YxGu8fQxAAACjV1AA.jpg
6173,A*Y8D8TY8BrJUAAAAAAAAAAAAACjV1AA.jpg
6174,28hxAfaeTJOt3leAdWGIfQAAACMAARAD.jpg
6174,A*Pa6aRKzpXgAAAAAAAAAAAAAACjV1AA.jpg
6175,A*3CBTSaiUmPEAAAAAAAAAAAAACjV1AA.jpg
6175,A*vQUwRr_U6D8AAAAAAAAAAAAAAQAAAQ.jpg
6176,A*w_EOSa4Oz2VL8cxMj8YbOAAACjV1AA.jpg
6176,A*0SJaSYzgD0EAAAAAAAAAAAAAAQAAAQ.jpg
6177,A*4FZ3S6kGcEcAAAAAAAAAAAAAAQAAAQ.jpg
6177,A*wS2lTYGcy_0AAAAAAAAAAAAACjV1AA.jpg
6178,A*HDkFQbX2N1QAAAAAAAAAAAAACjV1AA.jpg
6178,A*O1NLR7xlexYAAAAAAAAAAAAACjV1AA.jpg
6179,A*EyzsTqgL-PQAAAAAAAAAAAAAAQAAAQ.jpg
6179,A*rwAqTbwLtJwAAAAAAAAAAAAACjV1AA.jpg
6180,A*E35USbknQkYAAAAAAAAAAAAAAQAAAQ.jpg
6180,A*LurFRZc_zzUAAAAAAAAAAAAACjV1AA.jpg
6181,A*je2LQrysJgYAAAAAAAAAAAAAAQAAAQ.jpg
6181,A*ZVVGQoSZ-g0AAAAAAAAAAAAACjV1AA.jpg
6182,A*N0_9Tq68EBQAAAAAAAAAAAAACjV1AA.jpg
6182,A*dSveS7NF4zAAAAAAAAAAAAAAAQAAAQ.jpg
6183,A*dSXoT5JyYnkAAAAAAAAAAAAAAQAAAQ.jpg
6183,A*dAOCRoubB_gAAAAAAAAAAAAACjV1AA.jpg
6184,A*-JwzSKontLMAAAAAAAAAAAAACjV1AA.jpg
6184,A*4MYsTb_FSYkAAAAAAAAAAAAAAQAAAQ.jpg
6185,A*kkE7SaScOFMAAAAAAAAAAAAAAQAAAQ.jpg
6185,A*MosrRayVKnsAAAAAAAAAAAAACjV1AA.jpg
6186,A*mTIbRZcP-Z8AAAAAAAAAAAAAAQAAAQ.jpg
6186,A*RSPSQpcqKTgAAAAAAAAAAAAACjV1AA.jpg
6187,A*EzEVQoG33sAAAAAAAAAAAAAACjV1AA.jpg
6187,A*jDtQR5gKn-MAAAAAAAAAAAAAAQAAAQ.jpg
6188,A*C6MpQrAPRDMY7lJMq8HJbQAAAQAAAQ.jpg
6188,A*dj0BQrVq5coAAAAAAAAAAAAACjV1AA.jpg
6189,A*0hPET7sg4qQAAAAAAAAAAAAACjV1AA.jpg
6189,A*ghWyR6f6UEIAAAAAAAAAAAAACjV1AA.jpg
6190,A*SEbKQ4EPo6MAAAAAAAAAAAAACjV1AA.jpg
6190,A*6JyrRJOi_FIAAAAAAAAAAAAACjV1AA.jpg
6191,A*CMQQRI4wTLoAAAAAAAAAAAAAAQAAAQ.jpg
6191,A*CNKGQ73-vsQAAAAAAAAAAAAACjV1AA.jpg
6192,A*3M5mRaGlgr4AAAAAAAAAAAAAAQAAAQ.jpg
6192,A*fQM9S5f91xbWtfVMnRjciQAACjV1AA.jpg
6193,A*W3CqQZAwIAAAAAAAAAAAAAAAAQAAAQ.jpg
6193,A*UsNgSbpEYlkhvhFLrlR8QQAACjV1AA.jpg
6194,A*PwQyQ7FKG24AAAAAAAAAAAAACjV1AA.jpg
6194,A*6zfRSaNRCO8AAAAAAAAAAAAAAQAAAQ.jpg
6195,4753bs36TzyQrbbSLAcQPAAAACMAARAD.jpg
6195,A*PWIZQq0AXkIAAAAAAAAAAAAACjV1AA.jpg
6196,A*s9O4TZiIp-4AAAAAAAAAAAAAAQAAAQ.jpg
6196,A*QLWnRpjydPgAAAAAAAAAAAAACjV1AA.jpg
6197,A*zLBcSoW96isAAAAAAAAAAAAAAQAAAQ.jpg
6197,A*vIeSRaTqLsUAAAAAAAAAAAAACjV1AA.jpg
6198,A*Aw6fRIu0C8UAAAAAAAAAAAAAAQAAAQ.jpg
6198,A*wkR3S4l9Nw4AAAAAAAAAAAAACjV1AA.jpg
6199,A*rLqJQb7eRj942wdDjK4YCAAAAQAAAQ.jpg
6199,A*6b15TKI0RBAAAAAAAAAAAAAACjV1AA.jpg
6200,A*oYnOR43RyqEwMjFKlk76OwAAAQAAAQ.jpg
6200,A*yt2MQoZjvz4AAAAAAAAAAAAACjV1AA.jpg
6201,A*eRPkTo_qqnEAAAAAAAAAAAAACjV1AA.jpg
6201,A*5C6_Qp_tG80AAAAAAAAAAAAACjV1AA.jpg
6202,A*bDXyQaalZAgAAAAAAAAAAAAAAQAAAQ.jpg
6202,A*T9mdSZ1n008AAAAAAAAAAAAACjV1AA.jpg
6203,A*EWZKS5QNRQKm0o9Fg9GhjgAACjV1AA.jpg
6203,A*rStjQ5cULQoAAAAAAAAAAAAAAQAAAQ.jpg
6204,A*Yfz1QqcgR6kAAAAAAAAAAAAACjV1AA.jpg
6204,A*A6TURLMftYcAAAAAAAAAAAAAAQAAAQ.jpg
6205,A*nL9VSYkzZWkAAAAAAAAAAAAAAQAAAQ.jpg
6205,A*xlX-SpRc8jsAAAAAAAAAAAAACjV1AA.jpg
6206,A*tvXlTJtDJv4AAAAAAAAAAAAAAQAAAQ.jpg
6206,A*grd-Q7TexlMAAAAAAAAAAAAACjV1AA.jpg
6207,A*MwPcRLpGiFEAAAAAAAAAAAAAAQAAAQ.jpg
6207,A*1aV8Rb5FaJAAAAAAAAAAAAAAAQAAAQ.jpg
6208,A*YNR8QKq1RxMAAAAAAAAAAAAAAQAAAQ.jpg
6208,A*GWvqR5jNlOEAAAAAAAAAAAAACjV1AA.jpg
6209,A*9-9rRK6GM58AAAAAAAAAAAAAAQAAAQ.jpg
6209,A*U4M2QYNEFCYAAAAAAAAAAAAACjV1AA.jpg
6210,A*nLTKRpS20k8AAAAAAAAAAAAACjV1AA.jpg
6210,A*Bwb9Qq6RfAkAAAAAAAAAAAAAAQAAAQ.jpg
6211,O1CN01s5Ad4M1FDyTZEFsKq_!!0-mtopupload.jpg
6211,A*okxxRbfswBwAAAAAAAAAAAAACjV1AA.jpg
6212,A*2PszTInb5aMAAAAAAAAAAAAACjV1AA.jpg
6212,A*YUgAQ5AM0OUAAAAAAAAAAAAAAQAAAQ.jpg
6213,A*lURuTb_U0FUAAAAAAAAAAAAAAQAAAQ.jpg
6213,A*kfaDQKL5xyQAAAAAAAAAAAAACjV1AA.jpg
6214,A*yO-kQp-NqX4AAAAAAAAAAAAAAQAAAQ.jpg
6214,A*TzJSTJci904AAAAAAAAAAAAACjV1AA.jpg
6215,A*p6ysSrKFApzKoJtDg_LG_QAACjV1AA.jpg
6215,A*PFocSq2R67QAAAAAAAAAAAAAAQAAAQ.jpg
6216,A*UK5LQZfsowcAAAAAAAAAAAAAAQAAAQ.jpg
6216,A*1oEcQKjFaNYAAAAAAAAAAAAACjV1AA.jpg
6217,A*Xid9RJt4tKkAAAAAAAAAAAAACjV1AA.jpg
6217,A*PyTURamMfcAAAAAAAAAAAAAAAQAAAQ.jpg
6218,A*kjQPQoHopDEAAAAAAAAAAAAAAQAAAQ.jpg
6218,A*lxI9Rp-gN2sAAAAAAAAAAAAACjV1AA.jpg
6219,A*EHZQSofIYusAAAAAAAAAAAAAAQAAAQ.jpg
6219,A*xJmRTaPDxRsAAAAAAAAAAAAACjV1AA.jpg
6220,A*s3HqQ7aIfu0AAAAAAAAAAAAACjV1AA.jpg
6220,A*2wlJRqElUU0AAAAAAAAAAAAAAQAAAQ.jpg
6221,A*eZN8TaQU2XoAAAAAAAAAAAAAAQAAAQ.jpg
6221,A*3W7VQb8ZTNAAAAAAAAAAAAAACjV1AA.jpg
6222,A*XgndQL_VI3cAAAAAAAAAAAAACjV1AA.jpg
6222,A*NDy2R7-tK2_Hf81BqOkrqwAAAQAAAQ.jpg
6223,A*uClsRJeeJTgAAAAAAAAAAAAAAQAAAQ.jpg
6223,A*O8GDS6xi5qIAAAAAAAAAAAAAAQAAAQ.jpg
6224,A*3uh3R4CaW10AAAAAAAAAAAAACjV1AA.jpg
6224,A*D9o-Q6BVWNsAAAAAAAAAAAAAAQAAAQ.jpg
6225,A*DehmRZFP0RIAAAAAAAAAAAAAAQAAAQ.jpg
6225,A*KJlhS4Sv0KQAAAAAAAAAAAAACjV1AA.jpg
6226,A*lgCtR5_nbSYAAAAAAAAAAAAACjV1AA.jpg
6226,A*aG0LT6l_I5QAAAAAAAAAAAAAAQAAAQ.jpg
6227,A*4vnRSrjDfA4AAAAAAAAAAAAAAQAAAQ.jpg
6227,A*IyXPTqZzJuAAAAAAAAAAAAAACjV1AA.jpg
6228,A*bXPPSKnzD9QAAAAAAAAAAAAAAQAAAQ.jpg
6228,A*5NmGTpCT4woAAAAAAAAAAAAACjV1AA.jpg
6229,A*28QQQKARU2YAAAAAAAAAAAAAAQAAAQ.jpg
6229,A*KCsQSq1oRIMAAAAAAAAAAAAACjV1AA.jpg
6230,A*CP-0Qbt9lvYqZj5BrtA0GgAACjV1AA.jpg
6230,A*V2ClSp69byMAAAAAAAAAAAAAAQAAAQ.jpg
6231,A*MEvnRqcnltFJXB5Dnruh0QAAAQAAAQ.jpg
6231,A*cq_cR5_8DNQAAAAAAAAAAAAACjV1AA.jpg
6232,A*M5F0TKVtaToAAAAAAAAAAAAACjV1AA.jpg
6232,A*UoLxQqk7IlEAAAAAAAAAAAAAAQAAAQ.jpg
6233,A*qchHTYBJbtwAAAAAAAAAAAAAAQAAAQ.jpg
6233,A*m6msR7dmQNkAAAAAAAAAAAAACjV1AA.jpg
6234,A*SMSPTreDdfcAAAAAAAAAAAAACjV1AA.jpg
6234,A*PYykTYY6vmYAAAAAAAAAAAAAAQAAAQ.jpg
6235,A*G6B4SrrrgsQAAAAAAAAAAAAAAQAAAQ.jpg
6235,A*Gc4OQ468lWoAAAAAAAAAAAAACjV1AA.jpg
6236,A*2wGnSZXew0YAAAAAAAAAAAAACjV1AA.jpg
6236,A*9iLvTqeXKKUAAAAAAAAAAAAAAQAAAQ.jpg
6237,A*atBjQocyW3EAAAAAAAAAAAAAAQAAAQ.jpg
6237,A*RogbSaSCBsIAAAAAAAAAAAAACjV1AA.jpg
6238,A*HXi4QYRo3ysAAAAAAAAAAAAAAQAAAQ.jpg
6238,A*M6YWS4APwEkAAAAAAAAAAAAACjV1AA.jpg
6239,A*NA--R71-8ZwAAAAAAAAAAAAAAQAAAQ.jpg
6239,A*5X1fToyPczoAAAAAAAAAAAAACjV1AA.jpg
6240,A*0wn-RIzU-mYAAAAAAAAAAAAAAQAAAQ.jpg
6240,A*E093RZ9S7CEAAAAAAAAAAAAACjV1AA.jpg
6241,A*JKSWRK-xiZgAAAAAAAAAAAAACjV1AA.jpg
6241,A*hCaVT5YqG58AAAAAAAAAAAAAAQAAAQ.jpg
6242,A*NqQIRLHlVCwAAAAAAAAAAAAAAQAAAQ.jpg
6242,A*Bl-6T7575eoAAAAAAAAAAAAACjV1AA.jpg
6243,A*PImYQLcN-yYAAAAAAAAAAAAACjV1AA.jpg
6243,A*OiaGRLgwfZUAAAAAAAAAAAAAAQAAAQ.jpg
6244,A*b_jeT7QPtVEAAAAAAAAAAAAACjV1AA.jpg
6244,A*gc4MTpDXAqgAAAAAAAAAAAAAAQAAAQ.jpg
6245,A*dKspQYv7pG8AAAAAAAAAAAAAAQAAAQ.jpg
6245,A*TmkNSaI8jwMAAAAAAAAAAAAACjV1AA.jpg
6246,A*rJQHRa3YYd0AAAAAAAAAAAAACjV1AA.jpg
6246,A*RkMEQoxppLy2Qj1FgBDMGwAAAQAAAQ.jpg
6247,A*3v8kTrU_dR4AAAAAAAAAAAAAAQAAAQ.jpg
6247,A*wh2SSoJ5JDYAAAAAAAAAAAAACjV1AA.jpg
6248,A*fFZpRo4GNT8AAAAAAAAAAAAACjV1AA.jpg
6248,A*6WaVTZItcsoAAAAAAAAAAAAAAQAAAQ.jpg
6249,A*9HwtTI2Yt0wAAAAAAAAAAAAACjV1AA.jpg
6249,A*xhGuTZoxgpAAAAAAAAAAAAAAAQAAAQ.jpg
6250,A*mbt9SIB_Zf0AAAAAAAAAAAAAAQAAAQ.jpg
6250,A*EztgToAwAlEAAAAAAAAAAAAACjV1AA.jpg
6251,A*WLyKTqcFFJEAAAAAAAAAAAAAAQAAAQ.jpg
6251,A*jE0TRr3oZGEAAAAAAAAAAAAACjV1AA.jpg
6252,A*FoajSIdSX0AAAAAAAAAAAAAAAQAAAQ.jpg
6252,A*OqITQqW8y6T74UVIkFLZFgAACjV1AA.jpg
6253,A*J_vJTYBHC1kAAAAAAAAAAAAAAQAAAQ.jpg
6253,A*3SfKQZud9kgAAAAAAAAAAAAACjV1AA.jpg
6254,A*a68MRqIq1DIAAAAAAAAAAAAACjV1AA.jpg
6254,A*UEubTKGP2dUAAAAAAAAAAAAAAQAAAQ.jpg
6255,A*ZGR2RqwHqzYAAAAAAAAAAAAAAQAAAQ.jpg
6255,A*s822QpTylUEAAAAAAAAAAAAACjV1AA.jpg
6256,A*MnExTKR02e8AAAAAAAAAAAAAAQAAAQ.jpg
6256,A*t6yFSaMqffYAAAAAAAAAAAAACjV1AA.jpg
6257,A*KnDsTocuqPcAAAAAAAAAAAAAAQAAAQ.jpg
6257,A*9p-oR4mGG8gAAAAAAAAAAAAACjV1AA.jpg
6258,A*YR0NRoNOjKwAAAAAAAAAAAAACjV1AA.jpg
6258,A*A5LLQoC2asMAAAAAAAAAAAAAAQAAAQ.jpg
6259,A*VqXWRpiLzewAAAAAAAAAAAAACjV1AA.jpg
6259,A*CyzjRZ2OGLQAAAAAAAAAAAAAAQAAAQ.jpg
6260,A*fwrmQ5Pps04AAAAAAAAAAAAAAQAAAQ.jpg
6260,A*JaZTRK-SxwgyUUFAreY8nwAACjV1AA.jpg
6261,A*VMxwRLGr68IAAAAAAAAAAAAACjV1AA.jpg
6261,A*iv4WQZL0q4wAAAAAAAAAAAAAAQAAAQ.jpg
6262,A*bGNYTp3G17QAAAAAAAAAAAAACjV1AA.jpg
6262,A*8tDuSqGOW24AAAAAAAAAAAAAAQAAAQ.jpg
6263,A*cDgJSJeaVGcAAAAAAAAAAAAAAQAAAQ.jpg
6263,A*5k_rQ6GEwfcAAAAAAAAAAAAACjV1AA.jpg
6264,A*j4srRYPCym8AAAAAAAAAAAAAAQAAAQ.jpg
6264,A*LUKCTIwwZasAAAAAAAAAAAAACjV1AA.jpg
6265,A*hfHTSJ_zAcYAAAAAAAAAAAAACjV1AA.jpg
6265,O1CN01IuWN0O1yvct5VaXge_!!0-mtopupload.jpg
6266,A*fjLYT4RYgJYAAAAAAAAAAAAAAQAAAQ.jpg
6266,A*tvceRZY4KrsAAAAAAAAAAAAACjV1AA.jpg
6267,A*0r_HQYcqSfcAAAAAAAAAAAAAAQAAAQ.jpg
6267,A*eHA4QLrX1zEAAAAAAAAAAAAACjV1AA.jpg
6268,A*zrJ1SZsVNIjGFO9Cr9hqyQAAAQAAAQ.jpg
6268,A*lYBYSJtonk8AAAAAAAAAAAAACjV1AA.jpg
6269,A*4shsTb3eEeUAAAAAAAAAAAAACjV1AA.jpg
6269,A*fY03SYWMQwkAAAAAAAAAAAAAAQAAAQ.jpg
6270,A*CjsMQ64B3XIAAAAAAAAAAAAACjV1AA.jpg
6270,A*G9kEQKv3x6sAAAAAAAAAAAAAAQAAAQ.jpg
6271,A*wZomS5-blnEAAAAAAAAAAAAACjV1AA.jpg
6271,A*LanfR6URqiQAAAAAAAAAAAAAAQAAAQ.jpg
6272,A*5TCdQ7pYhygAAAAAAAAAAAAAAQAAAQ.jpg
6272,A*NmKOSJlakbwAAAAAAAAAAAAACjV1AA.jpg
6273,A*gb9aTpo472oAAAAAAAAAAAAAAQAAAQ.jpg
6273,A*oM24RqLn4C4AAAAAAAAAAAAACjV1AA.jpg
6274,A*1kStR7hEPZ0AAAAAAAAAAAAAAQAAAQ.jpg
6274,A*ZhqrTpUN3jgAAAAAAAAAAAAACjV1AA.jpg
6275,A*jowjTLGs9yEAAAAAAAAAAAAAAQAAAQ.jpg
6275,A*rklgTpcM2u0AAAAAAAAAAAAACjV1AA.jpg
6276,A*YZ5gSoZlB_UAAAAAAAAAAAAACjV1AA.jpg
6276,A*_s2sTrGr5Fz9X6dHsHCc2QAAAQAAAQ.jpg
6277,A*gsXwQoePJnsAAAAAAAAAAAAAAQAAAQ.jpg
6277,A*TYQ3Q6wmVeEAAAAAAAAAAAAACjV1AA.jpg
6278,A*B2vFQYMkyzcAAAAAAAAAAAAAAQAAAQ.jpg
6278,A*0MX9Rr7zxvoAAAAAAAAAAAAACjV1AA.jpg
6279,A*pEQfRqbsH2cAAAAAAAAAAAAACjV1AA.jpg
6279,A*QxQ6SKzi5yEAAAAAAAAAAAAAAQAAAQ.jpg
6280,A*xHQPT4oLVksAAAAAAAAAAAAAAQAAAQ.jpg
6280,A*0sDCS4Xqp5sAAAAAAAAAAAAACjV1AA.jpg
6281,A*ohq_RI6mAJQAAAAAAAAAAAAAAQAAAQ.jpg
6281,A*PRaWSY110mgAAAAAAAAAAAAACjV1AA.jpg
6282,A*-8o_TZmEt9IAAAAAAAAAAAAACjV1AA.jpg
6282,A*-v-7SKRzpPIAAAAAAAAAAAAAAQAAAQ.jpg
6283,O1CN01pNmoC91VyGM4prbbq_!!0-mtopupload.jpg
6283,A*hik1R4Uh558AAAAAAAAAAAAACjV1AA.jpg
6284,A*8elJSb0htAAAAAAAAAAAAAAAAQAAAQ.jpg
6284,A*ICsiRZ_a7MwAAAAAAAAAAAAACjV1AA.jpg
6285,A*0nbZRbB0axEAAAAAAAAAAAAAAQAAAQ.jpg
6285,A*3xhHSKg2nvAAAAAAAAAAAAAACjV1AA.jpg
6286,A*wESqSJfKz4sAAAAAAAAAAAAACjV1AA.jpg
6286,O1CN01eInKIo1oRGW01hdQi_!!0-mtopupload.jpg
6287,A*FH_8QYAkEUgAAAAAAAAAAAAAAQAAAQ.jpg
6287,A*w_OnS5mG39YAAAAAAAAAAAAACjV1AA.jpg
6288,A*9LisRqyrpUEAAAAAAAAAAAAAAQAAAQ.jpg
6288,A*GLjwTokePLgAAAAAAAAAAAAACjV1AA.jpg
6289,A*vcBsRLZk2FwAAAAAAAAAAAAAAQAAAQ.jpg
6289,A*g8_0Sb1-HLoAAAAAAAAAAAAACjV1AA.jpg
6290,A*bIG1TqJ9GX4AAAAAAAAAAAAACjV1AA.jpg
6290,A*naVkRaf0V84kRL9EpUR0LAAAAQAAAQ.jpg
6291,A*pUpASa9dv6AAAAAAAAAAAAAAAQAAAQ.jpg
6291,A*dUglQYVoRJEAAAAAAAAAAAAACjV1AA.jpg
6292,A*0X6iQJPTgiluW_dKlFHmWAAAAQAAAQ.jpg
6292,A*hGskSJkuEQAAAAAAAAAAAAAACjV1AA.jpg
6293,A*U8RxQr8DErEAAAAAAAAAAAAAAQAAAQ.jpg
6293,A*0jDaQanRTLUAAAAAAAAAAAAACjV1AA.jpg
6294,A*2lKsS7PkgF8AAAAAAAAAAAAAAQAAAQ.jpg
6294,A*j1X2Q6a7TboAAAAAAAAAAAAACjV1AA.jpg
6295,A*9WKURIiHuxsAAAAAAAAAAAAAAQAAAQ.jpg
6295,A*sQuHTpDmLkYAAAAAAAAAAAAACjV1AA.jpg
6296,A*hxbYS4169QTO_oRBsj6nIwAAAQAAAQ.jpg
6296,A*1m77S6ya_sEAAAAAAAAAAAAACjV1AA.jpg
6297,A*63KCR75PyrcAAAAAAAAAAAAAAQAAAQ.jpg
6297,A*S_dcRJGVcCYAAAAAAAAAAAAACjV1AA.jpg
6298,A*nNsHQLIZvJwAAAAAAAAAAAAAAQAAAQ.jpg
6298,A*-6MFRqazXo4AAAAAAAAAAAAACjV1AA.jpg
6299,A*85H-QYUJg3AAAAAAAAAAAAAAAQAAAQ.jpg
6299,A*BE3KSpBippIAAAAAAAAAAAAACjV1AA.jpg
6300,A*8fVXR4yNOAUAAAAAAAAAAAAAAQAAAQ.jpg
6300,A*iSEyQb3wrAsAAAAAAAAAAAAACjV1AA.jpg
6301,A*Y8oDS6ZP9BEAAAAAAAAAAAAAAQAAAQ.jpg
6301,A*i8_2QamOVHHgkWBHkGvDswAACjV1AA.jpg
6302,A*6AanTZ-U65vgwY1KtMJDFgAACjV1AA.jpg
6302,A*MoH4Tr9EcKgAAAAAAAAAAAAACjV1AA.jpg
6303,A*lbMhQKAvtYQAAAAAAAAAAAAAAQAAAQ.jpg
6303,A*5XpyRKQW-rkAAAAAAAAAAAAACjV1AA.jpg
6304,A*_fR0T7Kbr6cAAAAAAAAAAAAACjV1AA.jpg
6304,A*hTazQaDKoqQAAAAAAAAAAAAAAQAAAQ.jpg
6305,A*2D2qQrEvROcAAAAAAAAAAAAACjV1AA.jpg
6305,A*JhG9TJcfqtgAAAAAAAAAAAAAAQAAAQ.jpg
6306,A*Uvk7QZzwxwcAAAAAAAAAAAAAAQAAAQ.jpg
6306,A*BpbeQr9LuQwAAAAAAAAAAAAACjV1AA.jpg
6307,A*208DSJDbLK22nEZIkrhCFAAACjV1AA.jpg
6307,A*HJL0RLkQSeUAAAAAAAAAAAAAAQAAAQ.jpg
6308,A*SyHgS44ZjK4AAAAAAAAAAAAAAQAAAQ.jpg
6308,A*GCwxSoRi5DgAAAAAAAAAAAAACjV1AA.jpg
6309,A*JjIsRqWNZWsAAAAAAAAAAAAAAQAAAQ.jpg
6309,A*1c-ASoAXdiUAAAAAAAAAAAAACjV1AA.jpg
6310,A*4EVrTp0QmucAAAAAAAAAAAAAAQAAAQ.jpg
6310,A*TrYKTb9Q7XGHPS5Lnd3cfgAACjV1AA.jpg
6311,A*5pa2SIpDgLgAAAAAAAAAAAAAAQAAAQ.jpg
6311,A*45l9SYMulNgAAAAAAAAAAAAACjV1AA.jpg
6312,A*f_rIQ64LEdcAAAAAAAAAAAAAAQAAAQ.jpg
6312,A*ivodRIqTPG8AAAAAAAAAAAAACjV1AA.jpg
6313,A*HrKITZYgI5EAAAAAAAAAAAAACjV1AA.jpg
6313,A*ddhTR5H_-tEAAAAAAAAAAAAAAQAAAQ.jpg
6314,A*cI1pS6QXdxcAAAAAAAAAAAAACjV1AA.jpg
6314,A*YAjTSYdyDvQAAAAAAAAAAAAAAQAAAQ.jpg
6315,A*hOB2SY_r1noAAAAAAAAAAAAAAQAAAQ.jpg
6315,A*WywTTr6YYKQAAAAAAAAAAAAACjV1AA.jpg
6316,A*0nhLSp2sK98AAAAAAAAAAAAAAQAAAQ.jpg
6316,A*75uvQKUjFAUAAAAAAAAAAAAACjV1AA.jpg
6317,A*k-NvQKeXW0QAAAAAAAAAAAAAAQAAAQ.jpg
6317,A*htW4TrpIDzIAAAAAAAAAAAAACjV1AA.jpg
6318,A*6dZxRZxnEhupWP1PjSVFgQAACjV1AA.jpg
6318,A*LJT1R7QHKkoAAAAAAAAAAAAAAQAAAQ.jpg
6319,O1CN018Gv7lq1DjSQCevvxd_!!6000000000252-0-antinsbiocamera.jpg
6319,A*1EI2TJlnmQ8AAAAAAAAAAAAACjV1AA.jpg
6320,A*olZ1Tq9u7SMAAAAAAAAAAAAAAQAAAQ.jpg
6320,A*Q04FQocJQwQAAAAAAAAAAAAACjV1AA.jpg
6321,A*IlOFTr1GUxsAAAAAAAAAAAAACjV1AA.jpg
6321,A*yZuIRZmbBU8AAAAAAAAAAAAAAQAAAQ.jpg
6322,A*m2E4S7TZRLoAAAAAAAAAAAAAAQAAAQ.jpg
6322,A*7CcdTq39_jCVPlFAhbZSUgAACjV1AA.jpg
6323,A*v188S6mBCfgAAAAAAAAAAAAAAQAAAQ.jpg
6323,A*yDulQYg1RccAAAAAAAAAAAAACjV1AA.jpg
6324,A*6zOVRZMB8JwAAAAAAAAAAAAAAQAAAQ.jpg
6324,A*nELbRp2t_W0AAAAAAAAAAAAACjV1AA.jpg
6325,A*yHcHRqzKa70v1kFDnr8MLQAAAQAAAQ.jpg
6325,A*cYspSqwYotDH3UhHmhakRQAACjV1AA.jpg
6326,A*U-LWQJWeMZIAAAAAAAAAAAAAAQAAAQ.jpg
6326,A*Ur6lTofL-WIAAAAAAAAAAAAACjV1AA.jpg
6327,A*Bt1MQIRwR7oAAAAAAAAAAAAAAQAAAQ.jpg
6327,A*uBLwQr7z9SwAAAAAAAAAAAAACjV1AA.jpg
6328,A*jHcXTJ62UMQAAAAAAAAAAAAAAQAAAQ.jpg
6328,A*DoYAQqz7VHkAAAAAAAAAAAAACjV1AA.jpg
6329,A*hesFQJj8atQAAAAAAAAAAAAAAQAAAQ.jpg
6329,A*2wuhSLL8vPUAAAAAAAAAAAAACjV1AA.jpg
6330,A*sZC9SaLoMegAAAAAAAAAAAAACjV1AA.jpg
6330,A*s9wbR5W1L0IAAAAAAAAAAAAAAQAAAQ.jpg
6331,A*6wT5R5PwtTUAAAAAAAAAAAAAAQAAAQ.jpg
6331,A*Eo0IRrbgLJ0AAAAAAAAAAAAACjV1AA.jpg
6332,A*Z_AxQLw1IN0AAAAAAAAAAAAAAQAAAQ.jpg
6332,A*1FAeQ5HFdysAAAAAAAAAAAAACjV1AA.jpg
6333,A*bv2FQY50dhcAAAAAAAAAAAAACjV1AA.jpg
6333,A*3p09Q5fQXlIAAAAAAAAAAAAAAQAAAQ.jpg
6334,A*M0tDTIxDs9IAAAAAAAAAAAAAAQAAAQ.jpg
6334,A*5BbNQqvAJokAAAAAAAAAAAAACjV1AA.jpg
6335,A*ASMWS7xVAsUAAAAAAAAAAAAAAQAAAQ.jpg
6335,A*TpjBQbmrPYMAAAAAAAAAAAAACjV1AA.jpg
6336,A*6VBgTLJVN9MAAAAAAAAAAAAAAQAAAQ.jpg
6336,A*19ewQrtClikAAAAAAAAAAAAACjV1AA.jpg
6337,A*LRJURoa4w60AAAAAAAAAAAAAAQAAAQ.jpg
6337,A*8Ve1QrXRpBcAAAAAAAAAAAAACjV1AA.jpg
6338,A*E5BGT4j3sisAAAAAAAAAAAAAAQAAAQ.jpg
6338,A*vesrRqTvBDAAAAAAAAAAAAAACjV1AA.jpg
6339,A*hufZQZ70zL8AAAAAAAAAAAAAAQAAAQ.jpg
6339,A*fKWyRIcxL9AAAAAAAAAAAAAACjV1AA.jpg
6340,A*AmFQT7Bqjh4AAAAAAAAAAAAAAQAAAQ.jpg
6340,A*R1aMQJ2LJHmp93lHjB6-1AAACjV1AA.jpg
6341,A*B8tOTrwmEeMs_Z5KmO8w-AAACjV1AA.jpg
6341,A*uxRfSJtdE6HYpqRMjBDPpwAAAQAAAQ.jpg
6342,A*R7KpRpzqs0IAAAAAAAAAAAAAAQAAAQ.jpg
6342,A*w1SyRJtIw9QAAAAAAAAAAAAACjV1AA.jpg
6343,A*frjaRr45vnEAAAAAAAAAAAAAAQAAAQ.jpg
6343,A*9nSxQpLEjtEAAAAAAAAAAAAACjV1AA.jpg
6344,A*-F3LTIj8PkkAAAAAAAAAAAAAAQAAAQ.jpg
6344,A*l5AyTqIW1MAAAAAAAAAAAAAACjV1AA.jpg
6345,A*EMX-QaO4FfgAAAAAAAAAAAAAAQAAAQ.jpg
6345,A*f1g4QKDUE78AAAAAAAAAAAAACjV1AA.jpg
6346,A*MSSBRZ9fnCkAAAAAAAAAAAAAAQAAAQ.jpg
6346,A*YWOLTLjQKxAAAAAAAAAAAAAACjV1AA.jpg
6347,O1CN011nfNKx1NBF13npIlg_!!0-mtopupload.jpg
6347,A*PthkQrAnnQwAAAAAAAAAAAAACjV1AA.jpg
6348,A*8cqTTJQpU9wAAAAAAAAAAAAACjV1AA.jpg
6348,A*FkrlSK5xDGeKU2pLjef4NgAAAQAAAQ.jpg
6349,A*wLj-QafURjgAAAAAAAAAAAAAAQAAAQ.jpg
6349,A*KiTIRrZCdkoAAAAAAAAAAAAACjV1AA.jpg
6350,A*YsdDT4foMwIAAAAAAAAAAAAACjV1AA.jpg
6350,A*sksfR6LCAxgAAAAAAAAAAAAAAQAAAQ.jpg
6351,A*j4c8RaUSy4cAAAAAAAAAAAAAAQAAAQ.jpg
6351,A*cqroTqqIgRcAAAAAAAAAAAAACjV1AA.jpg
6352,A*AOk3Qp9iHw8AAAAAAAAAAAAAAQAAAQ.jpg
6352,A*xYSjTLljRyEAAAAAAAAAAAAACjV1AA.jpg
6353,O1CN016AVGZj1VJV6XC8nWX_!!0-mtopupload.jpg
6353,A*7bR9QqNlomoAAAAAAAAAAAAACjV1AA.jpg
6354,A*zwWqRJM1FokAAAAAAAAAAAAACjV1AA.jpg
6354,A*ZQ4xQoo9J18AAAAAAAAAAAAAAQAAAQ.jpg
6355,A*BYDZRrNXXWkAAAAAAAAAAAAAAQAAAQ.jpg
6355,A*bzUxSYeBanUAAAAAAAAAAAAACjV1AA.jpg
6356,A*AsHWSITCRzQAAAAAAAAAAAAAAQAAAQ.jpg
6356,A*046uSaUwIwUAAAAAAAAAAAAACjV1AA.jpg
6357,A*daYGS59GfaMAAAAAAAAAAAAAAQAAAQ.jpg
6357,A*LztRSpEzkMlNgalBuxHPbAAACjV1AA.jpg
6358,A*4pX1R5gNAtMAAAAAAAAAAAAAAQAAAQ.jpg
6358,A*HiQuTrTy90cAAAAAAAAAAAAACjV1AA.jpg
6359,A*RAhBSJIE8jsAAAAAAAAAAAAAAQAAAQ.jpg
6359,A*1XDBQ5TCS2IAAAAAAAAAAAAACjV1AA.jpg
6360,A*njnrRaDODuIAAAAAAAAAAAAACjV1AA.jpg
6360,A*XFKvSrGMzN4AAAAAAAAAAAAAAQAAAQ.jpg
6361,A*B53sRIVN1VAAAAAAAAAAAAAAAQAAAQ.jpg
6361,A*Oi3hQJTF4P4AAAAAAAAAAAAACjV1AA.jpg
6362,A*xKwjRqV5UBcAAAAAAAAAAAAAAQAAAQ.jpg
6362,A*P9n9Q4xP6S4AAAAAAAAAAAAACjV1AA.jpg
6363,A*fVDER5nnwtoAAAAAAAAAAAAACjV1AA.jpg
6363,A*xfjGR4AtkrMAAAAAAAAAAAAAAQAAAQ.jpg
6364,A*CE_tS5MZQ8YAAAAAAAAAAAAACjV1AA.jpg
6364,O1CN01QUB3X12KIAJOfzEvv_!!0-mtopupload.jpg
6365,A*HiH4SKZ6OvUAAAAAAAAAAAAAAQAAAQ.jpg
6365,A*WVfYQq1hHs4AAAAAAAAAAAAACjV1AA.jpg
6366,A*URTxRKh4oH8AAAAAAAAAAAAACjV1AA.jpg
6366,A*-uo0Rq1v4NLBe65LkLw_LwAACjV1AA.jpg
6367,A*hhxEQabjPVEAAAAAAAAAAAAAAQAAAQ.jpg
6367,A*Dm43QqtmDqMAAAAAAAAAAAAACjV1AA.jpg
6368,A*4qEDSrCqXM0AAAAAAAAAAAAAAQAAAQ.jpg
6368,A*NNFjQo6oF8UAAAAAAAAAAAAACjV1AA.jpg
6369,A*onI4Tq6TbFQAAAAAAAAAAAAAAQAAAQ.jpg
6369,A*kbcVSp35DGBOZyNOsimPsgAACjV1AA.jpg
6370,A*W9o-QqGqCxgAAAAAAAAAAAAAAQAAAQ.jpg
6370,A*wuBMSIXonREAAAAAAAAAAAAACjV1AA.jpg
6371,A*d1RBSYl6oTkAAAAAAAAAAAAACjV1AA.jpg
6371,A*hunxSpf65QYAAAAAAAAAAAAAAQAAAQ.jpg
6372,A*EfsGQLiE2CgAAAAAAAAAAAAACjV1AA.jpg
6372,A*cLfJTLpdr60AAAAAAAAAAAAACjV1AA.jpg
6373,A*Xt35R7fxt2QAAAAAAAAAAAAAAQAAAQ.jpg
6373,A*NS-GQ7XNVEIAAAAAAAAAAAAACjV1AA.jpg
6374,A*QXRcRLVmsnkAAAAAAAAAAAAAAQAAAQ.jpg
6374,A*1wOyRZKrDawAAAAAAAAAAAAACjV1AA.jpg
6375,A*qOvkRoiml5kAAAAAAAAAAAAAAQAAAQ.jpg
6375,A*qvCJQqz5a7wAAAAAAAAAAAAACjV1AA.jpg
6376,A*VtwFQIX0-3hBom9NooP3zgAACjV1AA.jpg
6376,A*3qSNRp704d0AAAAAAAAAAAAAAQAAAQ.jpg
6377,A*lrbpTK5SJVcAAAAAAAAAAAAAAQAAAQ.jpg
6377,A*9IABSbOd654AAAAAAAAAAAAACjV1AA.jpg
6378,A*OimGQ7RKUtkAAAAAAAAAAAAAAQAAAQ.jpg
6378,A*3CnLSYe7EYcAAAAAAAAAAAAACjV1AA.jpg
6379,A*f-zQQYov3QQAAAAAAAAAAAAAAQAAAQ.jpg
6379,A*UvquSKnTTlkAAAAAAAAAAAAACjV1AA.jpg
6380,A*1cz_SYOOAtMAAAAAAAAAAAAAAQAAAQ.jpg
6380,A*0V9SQo0fSBwAAAAAAAAAAAAACjV1AA.jpg
6381,A*z_6tRIfLBXsAAAAAAAAAAAAAAQAAAQ.jpg
6381,A*ESoRQqSP_OYAAAAAAAAAAAAACjV1AA.jpg
6382,A*2RQ9RZhSAUsAAAAAAAAAAAAAAQAAAQ.jpg
6382,A*gWRWS7eY2AoAAAAAAAAAAAAACjV1AA.jpg
6383,A*74rhToPRYg8AAAAAAAAAAAAAAQAAAQ.jpg
6383,A*A-57QaQd-W8AAAAAAAAAAAAACjV1AA.jpg
6384,A*biBcSqgkNeMAAAAAAAAAAAAAAQAAAQ.jpg
6384,A*BggaR4qEXzQAAAAAAAAAAAAACjV1AA.jpg
6385,A*i7FXRqVnM2sAAAAAAAAAAAAACjV1AA.jpg
6385,A*itKbRocsKHgAAAAAAAAAAAAACjV1AA.jpg
6386,A*UB0rRYGrgewAAAAAAAAAAAAACjV1AA.jpg
6386,A*h3pgS5lcubIAAAAAAAAAAAAAAQAAAQ.jpg
6387,A*ADljTp5xzsoAAAAAAAAAAAAACjV1AA.jpg
6387,A*iYi9QaQz7iAAAAAAAAAAAAAAAQAAAQ.jpg
6388,A*cnb4TqFIkjMAAAAAAAAAAAAAAQAAAQ.jpg
6388,A*RAhDTr1Ww8kAAAAAAAAAAAAACjV1AA.jpg
6389,A*PGiURYjv6PIAAAAAAAAAAAAACjV1AA.jpg
6389,A*ZAo1RqobAdThh71GubqADwAAAQAAAQ.jpg
6390,A*gortTZkJd_4AAAAAAAAAAAAAAQAAAQ.jpg
6390,A*CgScQo1eDysAAAAAAAAAAAAACjV1AA.jpg
6391,A*UPX3QK-aWNQAAAAAAAAAAAAAAQAAAQ.jpg
6391,A*LQPiSJLbejIAAAAAAAAAAAAACjV1AA.jpg
6392,A*Qd59T59i7uwAAAAAAAAAAAAACjV1AA.jpg
6392,A*1CHMQZah3P8AAAAAAAAAAAAAAQAAAQ.jpg
6393,A*2lHYTbSx6JAAAAAAAAAAAAAACjV1AA.jpg
6393,A*thzHQZqWwabgUelKlKGhTgAAAQAAAQ.jpg
6394,A*_Qr_S77kui0AAAAAAAAAAAAAAQAAAQ.jpg
6394,A*G-2tRbAnF3AAAAAAAAAAAAAACjV1AA.jpg
6395,A*8YAFQLR7tmMAAAAAAAAAAAAAAQAAAQ.jpg
6395,A*0GnxQ6Q_OqkAAAAAAAAAAAAACjV1AA.jpg
6396,A*FjKhRYAFSGsAAAAAAAAAAAAAAQAAAQ.jpg
6396,A*czQETIbTVR4AAAAAAAAAAAAACjV1AA.jpg
6397,A*ofWgSZ6y5ksAAAAAAAAAAAAAAQAAAQ.jpg
6397,A*tcyaRpvUqNUAAAAAAAAAAAAACjV1AA.jpg
6398,A*sRZKRoqpPHsAAAAAAAAAAAAACjV1AA.jpg
6398,A*k3USRY8HEYEAAAAAAAAAAAAAAQAAAQ.jpg
6399,A*w2_AQLN25bYAAAAAAAAAAAAAAQAAAQ.jpg
6399,A*YMOYSZi7YocAAAAAAAAAAAAACjV1AA.jpg
6400,A*cTiHRKYkv8wAAAAAAAAAAAAAAQAAAQ.jpg
6400,A*jZsOS5a9f8MAAAAAAAAAAAAACjV1AA.jpg
6401,A*L8sfT6QBsNEAAAAAAAAAAAAAAQAAAQ.jpg
6401,A*II_lR6kYC2YAAAAAAAAAAAAACjV1AA.jpg
6402,A*Yg9wTbymogsAAAAAAAAAAAAAAQAAAQ.jpg
6402,A*9_d8S7LKY50AAAAAAAAAAAAACjV1AA.jpg
6403,A*1RGqQbr82BkAAAAAAAAAAAAAAQAAAQ.jpg
6403,A*Z7H_QL03008AAAAAAAAAAAAACjV1AA.jpg
6404,A*Io8hQ52eR68AAAAAAAAAAAAAAQAAAQ.jpg
6404,A*BWewQabD-fAAAAAAAAAAAAAACjV1AA.jpg
6405,A*LFvURpgP928AAAAAAAAAAAAAAQAAAQ.jpg
6405,A*uvPATZ5nGmwAAAAAAAAAAAAACjV1AA.jpg
6406,A*iWDMSKhVNeYAAAAAAAAAAAAAAQAAAQ.jpg
6406,A*-D6mRISWVNr7iolIrmTUqAAACjV1AA.jpg
6407,A*jOZ5TpG9Gqp4OVpNuFuLPAAAAQAAAQ.jpg
6407,A*28InRrdZ9IoAAAAAAAAAAAAACjV1AA.jpg
6408,A*2UoZS5XuLocAAAAAAAAAAAAAAQAAAQ.jpg
6408,A*WMpHQZZNjZAAAAAAAAAAAAAACjV1AA.jpg
6409,A*BAPiR6sltHYAAAAAAAAAAAAACjV1AA.jpg
6409,A*y77xSIyRBZQAAAAAAAAAAAAAAQAAAQ.jpg
6410,A*S8gVSI9n8HQAAAAAAAAAAAAAAQAAAQ.jpg
6410,A*G6GnQKxSFHwAAAAAAAAAAAAACjV1AA.jpg
6411,A*r1psQL11Gc4AAAAAAAAAAAAACjV1AA.jpg
6411,A*PgmBS6DLdgkAAAAAAAAAAAAAAQAAAQ.jpg
6412,O1CN01rnlXnz1plhnbPeMbF_!!0-mtopupload.jpg
6412,A*wNjlTqyeg4AAAAAAAAAAAAAACjV1AA.jpg
6413,A*z_rSR4cBunoAAAAAAAAAAAAAAQAAAQ.jpg
6413,A*4kYzSbKWVUEAAAAAAAAAAAAACjV1AA.jpg
6414,A*q6_mS5mfZ4QAAAAAAAAAAAAAAQAAAQ.jpg
6414,A*oOpzTax_JMM3xeNLsBOWZgAACjV1AA.jpg
6415,A*zU-BT7WubOAAAAAAAAAAAAAAAQAAAQ.jpg
6415,A*8VtFTr2gibMAAAAAAAAAAAAACjV1AA.jpg
6416,A*qR4KSbwQYQMAAAAAAAAAAAAAAQAAAQ.jpg
6416,A*wvIsT4SZ57UAAAAAAAAAAAAACjV1AA.jpg
6417,A*5cA8RbJkUz4AAAAAAAAAAAAAAQAAAQ.jpg
6417,A*zOuNRbIm1UcAAAAAAAAAAAAACjV1AA.jpg
6418,A*y9RxQYuRjtkAAAAAAAAAAAAAAQAAAQ.jpg
6418,A*Em3pT7oj8q0AAAAAAAAAAAAACjV1AA.jpg
6419,A*QtcCQ4sfuxYAAAAAAAAAAAAAAQAAAQ.jpg
6419,A*wIG1SKmpo2IAAAAAAAAAAAAACjV1AA.jpg
6420,A*2Y97T5Cn_KYAAAAAAAAAAAAAAQAAAQ.jpg
6420,A*0SFuQ426lwMAAAAAAAAAAAAACjV1AA.jpg
6421,A*5g7_RI6YI80AAAAAAAAAAAAAAQAAAQ.jpg
6421,A*vcVYRYwI46gAAAAAAAAAAAAACjV1AA.jpg
6422,A*91WWRrnQKWIAAAAAAAAAAAAAAQAAAQ.jpg
6422,A*5ZWtSI-gJ4IAAAAAAAAAAAAACjV1AA.jpg
6423,A*8lyYR4Vqknbw2EFKplaNogAAAQAAAQ.jpg
6423,A*nyrzR5puPEwAAAAAAAAAAAAACjV1AA.jpg
6424,A*L9UNQ7xv110AAAAAAAAAAAAAAQAAAQ.jpg
6424,A*OkDISILyJzAAAAAAAAAAAAAACjV1AA.jpg
6425,A*SqyrRY0xwjIAAAAAAAAAAAAAAQAAAQ.jpg
6425,A*zyJ5S5ohw48AAAAAAAAAAAAACjV1AA.jpg
6426,A*9aHkQZ-qcCMAAAAAAAAAAAAAAQAAAQ.jpg
6426,A*8ha-R4Rl49MAAAAAAAAAAAAACjV1AA.jpg
6427,A*AcdYRLr13wUAAAAAAAAAAAAACjV1AA.jpg
6427,A*-jxLQ4snCogAAAAAAAAAAAAAAQAAAQ.jpg
6428,A*4xTjTLIznz0AAAAAAAAAAAAAAQAAAQ.jpg
6428,A*uit0QJW0Q5sAAAAAAAAAAAAACjV1AA.jpg
6429,A*2enmQagWGcIAAAAAAAAAAAAACjV1AA.jpg
6429,A*KjDBRIVhpHsAAAAAAAAAAAAAAQAAAQ.jpg
6430,A*ZG84Sqq6ioQAAAAAAAAAAAAACjV1AA.jpg
6430,A*lw_-SIxNc50arH1Bj8Tl3gAAAQAAAQ.jpg
6431,A*huP1QpRbH94AAAAAAAAAAAAAAQAAAQ.jpg
6431,A*mjJ4TIWyHiQAAAAAAAAAAAAACjV1AA.jpg
6432,A*hCOpQbWa7tnzIatFtwtSxQAACjV1AA.jpg
6432,A*3CGcSrcZjKsAAAAAAAAAAAAAAQAAAQ.jpg
6433,A*4KHvR7Q__04AAAAAAAAAAAAAAQAAAQ.jpg
6433,A*NDSOSIiX6a0AAAAAAAAAAAAACjV1AA.jpg
6434,A*bgRIQZHw6bLTsVVBhf0f2wAACjV1AA.jpg
6434,A*lfKcTp8sAasAAAAAAAAAAAAAAQAAAQ.jpg
6435,A*zoA9Qa1jKwIAAAAAAAAAAAAAAQAAAQ.jpg
6435,A*bNgLRYbCjZQAAAAAAAAAAAAACjV1AA.jpg
6436,A*twCvRKukSDAAAAAAAAAAAAAAAQAAAQ.jpg
6436,A*a6JaT5qNpgsAAAAAAAAAAAAACjV1AA.jpg
6437,A*Lex5T7gp14UAAAAAAAAAAAAAAQAAAQ.jpg
6437,A*asTtTrgWbWIAAAAAAAAAAAAACjV1AA.jpg
6438,A*Qv0wSZop61sAAAAAAAAAAAAAAQAAAQ.jpg
6438,A*8XJ9TImtqV0AAAAAAAAAAAAACjV1AA.jpg
6439,A*wWRITZ-cig8AAAAAAAAAAAAAAQAAAQ.jpg
6439,A*0gSETqg5kzcAAAAAAAAAAAAACjV1AA.jpg
6440,A*5XsySZ5-vRYAAAAAAAAAAAAAAQAAAQ.jpg
6440,A*PR18SoFCBhMAAAAAAAAAAAAACjV1AA.jpg
6441,A*mN94Q5q8upoAAAAAAAAAAAAAAQAAAQ.jpg
6441,A*wr7HSoB6oooAAAAAAAAAAAAACjV1AA.jpg
6442,A*g_wgT5ADkOQAAAAAAAAAAAAAAQAAAQ.jpg
6442,A*vwDnSJiv1JUAAAAAAAAAAAAACjV1AA.jpg
6443,A*TCuzR72UsbsAAAAAAAAAAAAAAQAAAQ.jpg
6443,A*d08lRZWNufgAAAAAAAAAAAAACjV1AA.jpg
6444,A*LhDuRKZ-j0AAAAAAAAAAAAAAAQAAAQ.jpg
6444,A*FLkNSYyM6iEAAAAAAAAAAAAACjV1AA.jpg
6445,A*DDkNSKwW9YgAAAAAAAAAAAAAAQAAAQ.jpg
6445,A*7O5xQrstiDkttdtMi4P0gQAACjV1AA.jpg
6446,A*NKv0R6Ov65gAAAAAAAAAAAAAAQAAAQ.jpg
6446,A*LgPfSapMM2sAAAAAAAAAAAAACjV1AA.jpg
6447,A*gSvgTrjmYBG_JedFiJ0JNwAACjV1AA.jpg
6447,A*jjnGTKcnFYp-xP5Kv793VAAACjV1AA.jpg
6448,A*cqvvRIWoaWQAAAAAAAAAAAAACjV1AA.jpg
6448,O1CN01AE02MD1mM6m1jJDsq_!!0-mtopupload.jpg
6449,A*fgCmT5jLDgQAAAAAAAAAAAAACjV1AA.jpg
6449,A*7P4nTo7PWUQAAAAAAAAAAAAAAQAAAQ.jpg
6450,A*-ffcRqE2KaAPORxAgkYjPQAACjV1AA.jpg
6450,A*Ei0xRLQCRPgAAAAAAAAAAAAAAQAAAQ.jpg
6451,A*bYM4Q4sfM8wAAAAAAAAAAAAAAQAAAQ.jpg
6451,A*CjX1QJM2Kc4AAAAAAAAAAAAACjV1AA.jpg
6452,A*ehSJRolPrXMAAAAAAAAAAAAAAQAAAQ.jpg
6452,A*YaYoTo5necwAAAAAAAAAAAAACjV1AA.jpg
6453,A*V4KdSKDX9O0AAAAAAAAAAAAAAQAAAQ.jpg
6453,A*bBEmS6sZyF0AAAAAAAAAAAAACjV1AA.jpg
6454,A*i2n3TZz-_yoAAAAAAAAAAAAAAQAAAQ.jpg
6454,A*EAIvQpFxxnUAAAAAAAAAAAAACjV1AA.jpg
6455,A*OjEjRbK69FEAAAAAAAAAAAAAAQAAAQ.jpg
6455,A*ReDcT4RIYIAAAAAAAAAAAAAACjV1AA.jpg
6456,A*DYurS6OvAXMAAAAAAAAAAAAAAQAAAQ.jpg
6456,A*59ziQpkTDtEAAAAAAAAAAAAACjV1AA.jpg
6457,A*Le2ISpmUWIUAAAAAAAAAAAAAAQAAAQ.jpg
6457,A*A_aWQoKJWT7ziIJFiP6PMAAACjV1AA.jpg
6458,A*_phWRYKEyCkAAAAAAAAAAAAAAQAAAQ.jpg
6458,A*udw0QIxaE-AAAAAAAAAAAAAACjV1AA.jpg
6459,A*kBMXRqctTF0AAAAAAAAAAAAAAQAAAQ.jpg
6459,A*3A_5SKemV_4AAAAAAAAAAAAACjV1AA.jpg
6460,A*Yv6iRIbanlEAAAAAAAAAAAAACjV1AA.jpg
6460,A*8bijQZ9XjPmaSwxMsNPmJgAAAQAAAQ.jpg
6461,O1CN01i1QpuD21msBbEDhvx_!!0-mtopupload.jpg
6461,A*6_gPQpFu_O4AAAAAAAAAAAAACjV1AA.jpg
6462,A*Sj85T7Nt2foAAAAAAAAAAAAACjV1AA.jpg
6462,A*GomvSaFKvUUAAAAAAAAAAAAAAQAAAQ.jpg
6463,A*XO2FRLwm3xQAAAAAAAAAAAAACjV1AA.jpg
6463,A*2u7RQIpCLaUAAAAAAAAAAAAAAQAAAQ.jpg
6464,A*zkEISJdx6fEAAAAAAAAAAAAAAQAAAQ.jpg
6464,A*FHNWR4iNRvIAAAAAAAAAAAAACjV1AA.jpg
6465,A*mnwZR4fKAXMAAAAAAAAAAAAAAQAAAQ.jpg
6465,A*WQ5-Spjvt8IAAAAAAAAAAAAACjV1AA.jpg
6466,A*FX_UQJy3e2juQZFBjf9_yQAAAQAAAQ.jpg
6466,A*qLQBT5La3j4AAAAAAAAAAAAACjV1AA.jpg
6467,A*hK4HTp26nmEAAAAAAAAAAAAACjV1AA.jpg
6467,A*d00KTaHJv10AAAAAAAAAAAAAAQAAAQ.jpg
6468,A*2_lqQKtfKDQAAAAAAAAAAAAAAQAAAQ.jpg
6468,A*drrhRYnVZQkAAAAAAAAAAAAACjV1AA.jpg
6469,A*hza4S4dt6xQAAAAAAAAAAAAAAQAAAQ.jpg
6469,A*Qr5nSIZlBdoAAAAAAAAAAAAACjV1AA.jpg
6470,A*w8YBSImRG0wAAAAAAAAAAAAACjV1AA.jpg
6470,A*flMPT4ZSHtsAAAAAAAAAAAAAAQAAAQ.jpg
6471,A*PB38TYKqzOkAAAAAAAAAAAAAAQAAAQ.jpg
6471,A*nRfbTqAO7AgAAAAAAAAAAAAACjV1AA.jpg
6472,A*4GhBSJJ284MAAAAAAAAAAAAAAQAAAQ.jpg
6472,A*s1VvSJnI1X4AAAAAAAAAAAAACjV1AA.jpg
6473,A*qeM6Rbt3VIkAAAAAAAAAAAAAAQAAAQ.jpg
6473,A*gN8-RabZCC8AAAAAAAAAAAAACjV1AA.jpg
6474,A*HJknSabK904AAAAAAAAAAAAAAQAAAQ.jpg
6474,A*X-iyS7zYonQAAAAAAAAAAAAACjV1AA.jpg
6475,A*8hjgRaQi8WMAAAAAAAAAAAAAAQAAAQ.jpg
6475,A*-ythSZit2RQAAAAAAAAAAAAACjV1AA.jpg
6476,A*EM-oTpzBAPmyfGtAkau5NAAAAQAAAQ.jpg
6476,A*63bNTIRiFbcAAAAAAAAAAAAACjV1AA.jpg
6477,A*pgqISrqDZ-UAAAAAAAAAAAAAAQAAAQ.jpg
6477,A*yYspQI7c0FoAAAAAAAAAAAAACjV1AA.jpg
6478,A*KDhZTq3GriQAAAAAAAAAAAAAAQAAAQ.jpg
6478,A*3DQ9QJKFrN4AAAAAAAAAAAAACjV1AA.jpg
6479,A*fgJwT711MkgAAAAAAAAAAAAAAQAAAQ.jpg
6479,A*eNRLT4xftuEAAAAAAAAAAAAACjV1AA.jpg
6480,A*_8RMTLgIzK0AAAAAAAAAAAAACjV1AA.jpg
6480,O1CN015GQtBB1eDqiOZivK1_!!0-mtopupload.jpg
6481,A*3E05SphXWZoAAAAAAAAAAAAAAQAAAQ.jpg
6481,A*d_H9Ra8P63sAAAAAAAAAAAAACjV1AA.jpg
6482,A*XB62S42oUzMAAAAAAAAAAAAAAQAAAQ.jpg
6482,A*eJPgTKvv5K0AAAAAAAAAAAAACjV1AA.jpg
6483,A*RbqvSLgY-d0CMZ5Br1A0AgAACjV1AA.jpg
6483,A*qAh_RrXRt-EAAAAAAAAAAAAAAQAAAQ.jpg
6484,A*SdOqRoNZM7cAAAAAAAAAAAAACjV1AA.jpg
6484,A*j8njSKtFoWIAAAAAAAAAAAAAAQAAAQ.jpg
6485,A*99U5S70bPwwAAAAAAAAAAAAAAQAAAQ.jpg
6485,A*zeEoRoj1C4UAAAAAAAAAAAAACjV1AA.jpg
6486,A*OZyZSa5jjIIAAAAAAAAAAAAACjV1AA.jpg
6486,A*KEGsSKD9cUsAAAAAAAAAAAAACjV1AA.jpg
6487,A*S1P3TJkRgrYAAAAAAAAAAAAACjV1AA.jpg
6487,A*H9b6QaK1-BQAAAAAAAAAAAAAAQAAAQ.jpg
6488,A*GIq-TZyGGGsAAAAAAAAAAAAACjV1AA.jpg
6488,A*Nqf1RralwA0AAAAAAAAAAAAAAQAAAQ.jpg
6489,A*OFmPQb5rXx8AAAAAAAAAAAAAAQAAAQ.jpg
6489,A*E9ajQbZExksAAAAAAAAAAAAACjV1AA.jpg
6490,A*s1jlSoZOOQ8AAAAAAAAAAAAACjV1AA.jpg
6490,A*F368QYXnXv4AAAAAAAAAAAAAAQAAAQ.jpg
6491,A*RNvPQZ7W4_MAAAAAAAAAAAAACjV1AA.jpg
6491,A*SwksQbkQMPkAAAAAAAAAAAAAAQAAAQ.jpg
6492,A*hZW6RrYO8iEAAAAAAAAAAAAACjV1AA.jpg
6492,A*QNW7S5IZVC4AAAAAAAAAAAAAAQAAAQ.jpg
6493,A*wonAR47OgaBVztpNuylhAgAACjV1AA.jpg
6493,A*lJ6lQpLI-SoAAAAAAAAAAAAACjV1AA.jpg
6494,A*yZRiRr1Bt7bGf9NOhHgbxAAAAQAAAQ.jpg
6494,A*m8XJTJ_2UQZHjpBLlQzRvgAACjV1AA.jpg
6495,A*5O5UQ5uu824AAAAAAAAAAAAACjV1AA.jpg
6495,A*6FGCQZfCKjoAAAAAAAAAAAAAAQAAAQ.jpg
6496,A*ttO-QJqVEQcAAAAAAAAAAAAAAQAAAQ.jpg
6496,A*RV3oQbHy-gwAAAAAAAAAAAAACjV1AA.jpg
6497,A*6R70QpHRo94AAAAAAAAAAAAACjV1AA.jpg
6497,A*xJ-dTKMY66MAAAAAAAAAAAAAAQAAAQ.jpg
6498,A*H6XITb5MDuIAAAAAAAAAAAAAAQAAAQ.jpg
6498,A*5zbjQZ14oOMAAAAAAAAAAAAACjV1AA.jpg
6499,A*WUTqRaGIP94AAAAAAAAAAAAAAQAAAQ.jpg
6499,A*brLkR45KtlYAAAAAAAAAAAAACjV1AA.jpg
6500,A*1KxNQKZtm9sAAAAAAAAAAAAAAQAAAQ.jpg
6500,A*gG2qRpqKcVIAAAAAAAAAAAAACjV1AA.jpg
6501,A*DCL9QY88rnAAAAAAAAAAAAAAAQAAAQ.jpg
6501,A*Q25jTYK8MfkAAAAAAAAAAAAACjV1AA.jpg
6502,A*kjEDQr-J1MMAAAAAAAAAAAAAAQAAAQ.jpg
6502,A*GXzIRa95P6cAAAAAAAAAAAAACjV1AA.jpg
6503,A*xuPsSrAecOsAAAAAAAAAAAAAAQAAAQ.jpg
6503,A*hHVkS7g1rpYAAAAAAAAAAAAACjV1AA.jpg
6504,A*gaARTLamRxsAAAAAAAAAAAAACjV1AA.jpg
6504,A*I12bT50vSX8AAAAAAAAAAAAAAQAAAQ.jpg
6505,A*jOAmQpxkfGcAAAAAAAAAAAAACjV1AA.jpg
6505,A*AXs8R55lQWQAAAAAAAAAAAAACjV1AA.jpg
6506,A*OEY1TYaYa-EAAAAAAAAAAAAACjV1AA.jpg
6506,A*D_T9QKQXmLEAAAAAAAAAAAAACjV1AA.jpg
6507,A*iQ27T6dvXQIAAAAAAAAAAAAACjV1AA.jpg
6507,A*zecfRoT0mJ0AAAAAAAAAAAAACjV1AA.jpg
6508,A*9WHTRrYLw1EAAAAAAAAAAAAACjV1AA.jpg
6508,A*1ASMR7OyxEAAAAAAAAAAAAAACjV1AA.jpg
6509,O1CN010T9zUn1h7NyOFaYqi_!!0-mtopupload.jpg
6509,A*y8N0RJa6RPUAAAAAAAAAAAAACjV1AA.jpg
6510,A*dRs1SbUNCBYAAAAAAAAAAAAAAQAAAQ.jpg
6510,A*8sqOTasLTcwAAAAAAAAAAAAACjV1AA.jpg
6511,A*J7k-S54BKa8AAAAAAAAAAAAACjV1AA.jpg
6511,A*rXpUQ7zEJaYAAAAAAAAAAAAAAQAAAQ.jpg
6512,A*fD5-S5a62LONGWtNnsXFuAAAAQAAAQ.jpg
6512,A*8RigTqMcPvQAAAAAAAAAAAAACjV1AA.jpg
6513,A*1lmNQ7dUWYIAAAAAAAAAAAAACjV1AA.jpg
6513,A*fb6wTKmQOaYAAAAAAAAAAAAAAQAAAQ.jpg
6514,A*fxrpTKl5pHYAAAAAAAAAAAAAAQAAAQ.jpg
6514,A*OcPqTr385ekAAAAAAAAAAAAACjV1AA.jpg
6515,A*wSM4QbuNKYEAAAAAAAAAAAAACjV1AA.jpg
6515,A*L6HPSZrpztoAAAAAAAAAAAAAAQAAAQ.jpg
6516,A*qUCdSoHTzlEAAAAAAAAAAAAAAQAAAQ.jpg
6516,A*rzzmSJLXQeAAAAAAAAAAAAAACjV1AA.jpg
6517,A*kmGTR4_jZw8AAAAAAAAAAAAAAQAAAQ.jpg
6517,A*SZ11R4n7ZfkAAAAAAAAAAAAACjV1AA.jpg
6518,A*UobpRpv-Z8QAAAAAAAAAAAAAAQAAAQ.jpg
6518,A*dsgcTKMwAkMAAAAAAAAAAAAACjV1AA.jpg
6519,A*_K0oSbNCbowAAAAAAAAAAAAAAQAAAQ.jpg
6519,A*-8KdQIe1HUcAAAAAAAAAAAAACjV1AA.jpg
6520,A*Y1tjR62sQ6vcQA1DtzZdZQAAAQAAAQ.jpg
6520,A*81B6R5VZDvJSTH1JpPJ0MwAACjV1AA.jpg
6521,A*SWB0RZJ-CaUAAAAAAAAAAAAAAQAAAQ.jpg
6521,A*M0QqSpxLV4EAAAAAAAAAAAAACjV1AA.jpg
6522,A*AyziRLHPL40AAAAAAAAAAAAAAQAAAQ.jpg
6522,A*RgGjQaC7WE4AAAAAAAAAAAAACjV1AA.jpg
6523,A*wbGVSaaZgloAAAAAAAAAAAAAAQAAAQ.jpg
6523,A*XXP6QJQUeBsAAAAAAAAAAAAACjV1AA.jpg
6524,A*-RjFTrxqnwEAAAAAAAAAAAAAAQAAAQ.jpg
6524,A*VEmMSoD9raoAAAAAAAAAAAAACjV1AA.jpg
6525,A*E_GFR5QaXa8AAAAAAAAAAAAAAQAAAQ.jpg
6525,A*9aKASo0UuPmxMnpDg9clLAAACjV1AA.jpg
6526,A*coXqRLw63zYAAAAAAAAAAAAAAQAAAQ.jpg
6526,A*Kb-1SqvcwmMAAAAAAAAAAAAACjV1AA.jpg
6527,A*KpNbRJXdTAYAAAAAAAAAAAAAAQAAAQ.jpg
6527,A*6P19R4KvZAYAAAAAAAAAAAAACjV1AA.jpg
6528,A*UN-PSo4vrN4AAAAAAAAAAAAACjV1AA.jpg
6528,A*BAJSSapeS28AAAAAAAAAAAAAAQAAAQ.jpg
6529,A*GjDERKUzbkAAAAAAAAAAAAAAAQAAAQ.jpg
6529,A*b3fUQJYzAH8AAAAAAAAAAAAACjV1AA.jpg
6530,A*ldvFSprf0wYAAAAAAAAAAAAAAQAAAQ.jpg
6530,A*Iv5HQ65tzJsAAAAAAAAAAAAACjV1AA.jpg
6531,A*p52XSLrqBzsAAAAAAAAAAAAAAQAAAQ.jpg
6531,A*0hy5RZKHV7AAAAAAAAAAAAAACjV1AA.jpg
6532,A*jFeOSb2o5m4AAAAAAAAAAAAACjV1AA.jpg
6532,O1CN01mKi8II22vPCUBdsVL_!!0-mtopupload.jpg
6533,A*lh99QqW4Xz0AAAAAAAAAAAAAAQAAAQ.jpg
6533,A*F8lyToMq66sAAAAAAAAAAAAACjV1AA.jpg
6534,A*5HjiSrHuLAoAAAAAAAAAAAAAAQAAAQ.jpg
6534,A*WVb-T6InWkMAAAAAAAAAAAAACjV1AA.jpg
6535,A*NrH1Ta8CknEAAAAAAAAAAAAAAQAAAQ.jpg
6535,A*Fw_ZT5N9Jf8AAAAAAAAAAAAACjV1AA.jpg
6536,A*_5UyQLt9-jYAAAAAAAAAAAAAAQAAAQ.jpg
6536,A*8sxRSYAR0PAAAAAAAAAAAAAACjV1AA.jpg
6537,A*hnvtRa_6_o8AAAAAAAAAAAAAAQAAAQ.jpg
6537,A*QhiWQ4OEazMAAAAAAAAAAAAACjV1AA.jpg
6538,A*KtTqTqBWftgAAAAAAAAAAAAAAQAAAQ.jpg
6538,A*QrJ2QZZ5VlkAAAAAAAAAAAAACjV1AA.jpg
6539,A*DQukQYGzwEkAAAAAAAAAAAAAAQAAAQ.jpg
6539,A*XR1DSZgB0RgAAAAAAAAAAAAACjV1AA.jpg
6540,A*O1bvSYqMg5IAAAAAAAAAAAAAAQAAAQ.jpg
6540,A*l36QSqGPOggAAAAAAAAAAAAACjV1AA.jpg
6541,A*SoHYQKSiVfEAAAAAAAAAAAAAAQAAAQ.jpg
6541,A*tjChR4CsEWkAAAAAAAAAAAAACjV1AA.jpg
6542,A*eL46QLX3NCEAAAAAAAAAAAAAAQAAAQ.jpg
6542,A*DtLjSoHizhAAAAAAAAAAAAAACjV1AA.jpg
6543,A*mkV1TKyKscwAAAAAAAAAAAAAAQAAAQ.jpg
6543,A*AzVjR4zkxWWT7TVAr4BNewAACjV1AA.jpg
6544,A*P5ruSqb0-YUAAAAAAAAAAAAAAQAAAQ.jpg
6544,A*kse4Qay9q2EAAAAAAAAAAAAACjV1AA.jpg
6545,A*jioCRZ6-uaAAAAAAAAAAAAAAAQAAAQ.jpg
6545,A*mp0ATI_ZmfgAAAAAAAAAAAAACjV1AA.jpg
6546,A*XeYXSbFH1DsAAAAAAAAAAAAAAQAAAQ.jpg
6546,A*wYpKTLDeVrlbR-tJlNHv0gAACjV1AA.jpg
6547,A*_optRa3C5XkAAAAAAAAAAAAAAQAAAQ.jpg
6547,A*YFjXQJEoT8oAAAAAAAAAAAAACjV1AA.jpg
6548,A*FMd7QLusxU4AAAAAAAAAAAAAAQAAAQ.jpg
6548,A*bkk_Q5XdtlgAAAAAAAAAAAAACjV1AA.jpg
6549,A*et6fT5zeJzoAAAAAAAAAAAAAAQAAAQ.jpg
6549,A*SuCBQbMoW5YAAAAAAAAAAAAACjV1AA.jpg
6550,A*RiMCS5stj9gAAAAAAAAAAAAACjV1AA.jpg
6550,A*CJ_8Ra4bKxIAAAAAAAAAAAAAAQAAAQ.jpg
6551,A*krm2QLN3vmcAAAAAAAAAAAAAAQAAAQ.jpg
6551,A*qmggSaAopy8AAAAAAAAAAAAACjV1AA.jpg
6552,A*AszISZsUat0AAAAAAAAAAAAAAQAAAQ.jpg
6552,A*16sNQ7n7QJQAAAAAAAAAAAAACjV1AA.jpg
6553,A*jh-CSJ5DLKwAAAAAAAAAAAAAAQAAAQ.jpg
6553,A*qp_ESKJIYlQAAAAAAAAAAAAACjV1AA.jpg
6554,A*KIX3R73k5kkAAAAAAAAAAAAACjV1AA.jpg
6554,A*onEASa_DcXEAAAAAAAAAAAAAAQAAAQ.jpg
6555,A*s4aaRqrqkNIAAAAAAAAAAAAAAQAAAQ.jpg
6555,A*ijpcT5xSooEAAAAAAAAAAAAACjV1AA.jpg
6556,O1CN01ZwM3JR1Ma8vrLINO3_!!0-mtopupload.jpg
6556,A*GloeR4vuUa0AAAAAAAAAAAAACjV1AA.jpg
6557,A*GjquTqaUfA0llcBOog-aygAACjV1AA.jpg
6557,A*zi5KTpzyoZIAAAAAAAAAAAAACjV1AA.jpg
6558,A*ceo4T7LIHfIAAAAAAAAAAAAACjV1AA.jpg
6558,A*y3cUSZK0hQ4AAAAAAAAAAAAAAQAAAQ.jpg
6559,A*Ad54Q6qSgQUAAAAAAAAAAAAAAQAAAQ.jpg
6559,A*clTVS6-1E1AAAAAAAAAAAAAACjV1AA.jpg
6560,A*ECPOTJ3ZzgsAAAAAAAAAAAAAAQAAAQ.jpg
6560,A*c-3FSoHpVbY5kExKkZ8lGQAACjV1AA.jpg
6561,A*oznbT5F0lkgX81RMqZ3tXgAAAQAAAQ.jpg
6561,A*emaQTLlsTF87WtZAi9t7RQAACjV1AA.jpg
6562,A*42llTb44PvkAAAAAAAAAAAAAAQAAAQ.jpg
6562,A*tTotSYHgI2MAAAAAAAAAAAAACjV1AA.jpg
6563,A*3FmbS44Qk8YAAAAAAAAAAAAACjV1AA.jpg
6563,A*TXjnR7PrF0sAAAAAAAAAAAAAAQAAAQ.jpg
6564,A*BFw1RZFgq-AAAAAAAAAAAAAAAQAAAQ.jpg
6564,A*yPIETZTH-p4AAAAAAAAAAAAACjV1AA.jpg
6565,A*e7IrS6Gy_VkAAAAAAAAAAAAAAQAAAQ.jpg
6565,A*WNj_TpPhDGwAAAAAAAAAAAAACjV1AA.jpg
6566,A*QwLPQZBa9BUAAAAAAAAAAAAAAQAAAQ.jpg
6566,A*s_I0T4guF9UAAAAAAAAAAAAACjV1AA.jpg
6567,A*sZUmTJd4xrsAAAAAAAAAAAAAAQAAAQ.jpg
6567,A*HAqCQodKKe8AAAAAAAAAAAAACjV1AA.jpg
6568,A*gEIoRrdJZvEAAAAAAAAAAAAAAQAAAQ.jpg
6568,A*ILLmTLVs-GMUYXhCkKfROgAACjV1AA.jpg
6569,A*PC7tRJqFaaEAAAAAAAAAAAAAAQAAAQ.jpg
6569,A*_SxiQqDu3E8AAAAAAAAAAAAACjV1AA.jpg
6570,A*n6oxQKeqxVgAAAAAAAAAAAAACjV1AA.jpg
6570,A*lxrXTL89cUYAAAAAAAAAAAAAAQAAAQ.jpg
6571,A*X6sGQ4nnlmcAAAAAAAAAAAAACjV1AA.jpg
6571,A*0w7BTYmg0xoAAAAAAAAAAAAAAQAAAQ.jpg
6572,A*fBjrQZ_375MAAAAAAAAAAAAACjV1AA.jpg
6572,A*7TMkT7Iil8MAAAAAAAAAAAAAAQAAAQ.jpg
6573,A*3s8WQa62gB4AAAAAAAAAAAAACjV1AA.jpg
6573,A*zptMSqx1STEAAAAAAAAAAAAAAQAAAQ.jpg
6574,A*MzatS7R0vv4AAAAAAAAAAAAACjV1AA.jpg
6574,A*rTObQY8SKtwAAAAAAAAAAAAACjV1AA.jpg
6575,A*8gUgT5BCuX-X27JDriMA8gAAAQAAAQ.jpg
6575,A*k9xyQbsQu6EAAAAAAAAAAAAACjV1AA.jpg
6576,A*AX4GTqPwuvUAAAAAAAAAAAAAAQAAAQ.jpg
6576,A*IgScT4WWI04AAAAAAAAAAAAACjV1AA.jpg
6577,A*j4hcRbDRnYYAAAAAAAAAAAAAAQAAAQ.jpg
6577,A*nri8SZvuStkAAAAAAAAAAAAACjV1AA.jpg
6578,A*9-j3TL3re5IAAAAAAAAAAAAAAQAAAQ.jpg
6578,A*OMX3Qq2u1pcAAAAAAAAAAAAACjV1AA.jpg
6579,A*qo6NRYX6DGMAAAAAAAAAAAAAAQAAAQ.jpg
6579,A*NskMTIk4A9sAb2pMnj06vQAACjV1AA.jpg
6580,A*uonFSLjgeeIAAAAAAAAAAAAAAQAAAQ.jpg
6580,A*fOULR5SEurQAAAAAAAAAAAAACjV1AA.jpg
6581,A*LyBbTq39NGQAAAAAAAAAAAAAAQAAAQ.jpg
6581,A*nNtjS5jJ0Y0AAAAAAAAAAAAACjV1AA.jpg
6582,A*SEasT7ZlBpQAAAAAAAAAAAAACjV1AA.jpg
6582,A*mSyZRr0DGZoAAAAAAAAAAAAACjV1AA.jpg
6583,A*dHKgSZc_t9sAAAAAAAAAAAAACjV1AA.jpg
6583,A*61KIRYDGFxcAAAAAAAAAAAAAAQAAAQ.jpg
6584,A*BDl7SYPFzIMAAAAAAAAAAAAAAQAAAQ.jpg
6584,A*VJTjQafRhgNCHgdNvavAnAAACjV1AA.jpg
6585,A*t55cR6Js4dQAAAAAAAAAAAAAAQAAAQ.jpg
6585,A*581MQJZYXVAAAAAAAAAAAAAACjV1AA.jpg
6586,A*WxMRQar3YSkAAAAAAAAAAAAAAQAAAQ.jpg
6586,A*Ec4oRoYfqJIAAAAAAAAAAAAACjV1AA.jpg
6587,A*xGXCT7Hjs40VTSxNsG5smQAAAQAAAQ.jpg
6587,A*ss3CQI4x7MUAAAAAAAAAAAAACjV1AA.jpg
6588,A*-_x2QJfcbKkAAAAAAAAAAAAAAQAAAQ.jpg
6588,A*J5C9QaIGgLsAAAAAAAAAAAAACjV1AA.jpg
6589,A*6WuST7KZUwwAAAAAAAAAAAAACjV1AA.jpg
6589,A*gEtITL2rLagAAAAAAAAAAAAAAQAAAQ.jpg
6590,A*anWiTpK65EIAAAAAAAAAAAAAAQAAAQ.jpg
6590,A*4AYQQblli5QAAAAAAAAAAAAACjV1AA.jpg
6591,A*n1a7S5u9Gk0AAAAAAAAAAAAACjV1AA.jpg
6591,A*l2XASZeZUBwAAAAAAAAAAAAAAQAAAQ.jpg
6592,A*LahHR5C58SoAAAAAAAAAAAAAAQAAAQ.jpg
6592,A*pMocRZo6NiIAAAAAAAAAAAAACjV1AA.jpg
6593,A*Fof4RIMt_lcAAAAAAAAAAAAAAQAAAQ.jpg
6593,A*b58ZRbKwYWUAAAAAAAAAAAAACjV1AA.jpg
6594,A*2oRDRqGvxEkAAAAAAAAAAAAAAQAAAQ.jpg
6594,A*LXY6RY4K-p8AAAAAAAAAAAAACjV1AA.jpg
6595,A*6ut-RpSxUuwAAAAAAAAAAAAACjV1AA.jpg
6595,A*Dc6FR7cx87MAAAAAAAAAAAAAAQAAAQ.jpg
6596,A*Gmp_Sph0rscAAAAAAAAAAAAAAQAAAQ.jpg
6596,A*TcvTRbTcclAAAAAAAAAAAAAACjV1AA.jpg
6597,A*Nh2MRYIw4zoAAAAAAAAAAAAAAQAAAQ.jpg
6597,A*6AcmT7piyo8AAAAAAAAAAAAACjV1AA.jpg
6598,A*Cr3cQ453skcAAAAAAAAAAAAACjV1AA.jpg
6598,A*gcNaQqJlAQQAAAAAAAAAAAAAAQAAAQ.jpg
6599,A*NRbLS4NPyz8AAAAAAAAAAAAAAQAAAQ.jpg
6599,A*UzW_SqsT3RoAAAAAAAAAAAAACjV1AA.jpg
6600,O1CN01GiInzc1jWh5i7t1ax_!!0-mtopupload.jpg
6600,A*3nb0Q7tUlLNgZuJLtfjSaAAACjV1AA.jpg
6601,A*AXF9RIA9KiQAAAAAAAAAAAAAAQAAAQ.jpg
6601,A*ze9YRrld8swAAAAAAAAAAAAACjV1AA.jpg
6602,A*cXKERYkdjooAAAAAAAAAAAAAAQAAAQ.jpg
6602,A*yK5hQr_QdGUAAAAAAAAAAAAACjV1AA.jpg
6603,A*PQEAQKbScGkAAAAAAAAAAAAACjV1AA.jpg
6603,A*IhwNTph111cAAAAAAAAAAAAAAQAAAQ.jpg
6604,A*wAptTo48H-EAAAAAAAAAAAAAAQAAAQ.jpg
6604,A*SWS4TJjGR8UAAAAAAAAAAAAACjV1AA.jpg
6605,A*ckAwRr3G7WsAAAAAAAAAAAAAAQAAAQ.jpg
6605,A*klPKSp0k5AMAAAAAAAAAAAAACjV1AA.jpg
6606,A*L0pqQY7sMxEAAAAAAAAAAAAACjV1AA.jpg
6606,A*zNvvS64t68MAAAAAAAAAAAAAAQAAAQ.jpg
6607,A*B0PoQKYumeQAAAAAAAAAAAAAAQAAAQ.jpg
6607,A*Xzg_S4MNCsoAAAAAAAAAAAAACjV1AA.jpg
6608,A*1LbMT6jNxMEAAAAAAAAAAAAAAQAAAQ.jpg
6608,A*MIxrRZpIUdIaJjtKn4pzCAAACjV1AA.jpg
6609,A*4jG0SoB98lkAAAAAAAAAAAAAAQAAAQ.jpg
6609,A*la5sRr1sIEAAAAAAAAAAAAAACjV1AA.jpg
6610,A*Wn5cQLS0Mj8AAAAAAAAAAAAACjV1AA.jpg
6610,A*-3yyQqyMGDerUe9Mppv-NgAAAQAAAQ.jpg
6611,A*30-HSaDnzOsAAAAAAAAAAAAAAQAAAQ.jpg
6611,A*PwkARb-GQpUAAAAAAAAAAAAACjV1AA.jpg
6612,A*60MiTaVXq6EAAAAAAAAAAAAAAQAAAQ.jpg
6612,A*Ld4JTq_31RsAAAAAAAAAAAAACjV1AA.jpg
6613,A*78wvTocqHPgAAAAAAAAAAAAAAQAAAQ.jpg
6613,A*w5s8RYtEedAAAAAAAAAAAAAACjV1AA.jpg
6614,A*uRWNS7X1_GY3iN1Jl--PagAAAQAAAQ.jpg
6614,A*ELGjRKcuxGcAAAAAAAAAAAAACjV1AA.jpg
6615,A*12dvQ5n_Jm4AAAAAAAAAAAAAAQAAAQ.jpg
6615,A*nTseR7Nvzk0AAAAAAAAAAAAACjV1AA.jpg
6616,A*u1BqSJeIrY4mzp1IhQVnnQAAAQAAAQ.jpg
6616,A*2yGFR6_kb5EAAAAAAAAAAAAACjV1AA.jpg
6617,A*mBsXQoK_qcUAAAAAAAAAAAAAAQAAAQ.jpg
6617,A*Jtk9QotefmkAAAAAAAAAAAAACjV1AA.jpg
6618,A*VezhQY-SLDgAAAAAAAAAAAAAAQAAAQ.jpg
6618,A*8sGASof4lFoAAAAAAAAAAAAACjV1AA.jpg
6619,A*ltwYRK_Ne8kElulGmcTHyQAACjV1AA.jpg
6619,O1CN015yXkXE1kviLJpzBzX_!!0-mtopupload.jpg
6620,A*DOPYQ4Get0oAAAAAAAAAAAAACjV1AA.jpg
6620,A*-odeTJgc-i0AAAAAAAAAAAAAAQAAAQ.jpg
6621,A*1uN0SbVMoQ8AAAAAAAAAAAAAAQAAAQ.jpg
6621,A*whauQ5AR1bwAAAAAAAAAAAAACjV1AA.jpg
6622,A*KSekSbPs3pkAAAAAAAAAAAAAAQAAAQ.jpg
6622,A*kXn2T6fEUvMAAAAAAAAAAAAACjV1AA.jpg
6623,A*JCxsSIeSSxEAAAAAAAAAAAAAAQAAAQ.jpg
6623,A*LGylT4e096MAAAAAAAAAAAAACjV1AA.jpg
6624,A*jO0CTKDk9j4AAAAAAAAAAAAAAQAAAQ.jpg
6624,A*FOBARr6MuHIAAAAAAAAAAAAACjV1AA.jpg
6625,A*Rs1cSbHaMI8AAAAAAAAAAAAAAQAAAQ.jpg
6625,A*wykiTYh9TvsAAAAAAAAAAAAACjV1AA.jpg
6626,A*osv5Taaf6owAAAAAAAAAAAAAAQAAAQ.jpg
6626,A*X885SrQ6gY8AAAAAAAAAAAAACjV1AA.jpg
6627,A*dkdFQIazU1QAAAAAAAAAAAAAAQAAAQ.jpg
6627,A*asY_SLyFU14AAAAAAAAAAAAACjV1AA.jpg
6628,A*xzpJQqxRKxAAAAAAAAAAAAAAAQAAAQ.jpg
6628,A*HcJnTpnvRMYAAAAAAAAAAAAACjV1AA.jpg
6629,A*LytFTaUIfB0AAAAAAAAAAAAAAQAAAQ.jpg
6629,A*VIdrRb65Z5sAAAAAAAAAAAAACjV1AA.jpg
6630,A*eb9ATaXMpsoAAAAAAAAAAAAAAQAAAQ.jpg
6630,A*hZNWRqytMZOGWZpKsGdTZAAACjV1AA.jpg
6631,A*cdcDQ57vv9QAAAAAAAAAAAAACjV1AA.jpg
6631,A*2VCGRqha_mw1LqhFu3RkiwAAAQAAAQ.jpg
6632,A*cof9QpTYpW4AAAAAAAAAAAAAAQAAAQ.jpg
6632,A*c6HbQLmgojsAAAAAAAAAAAAACjV1AA.jpg
6633,A*_GOARqEk5AYAAAAAAAAAAAAAAQAAAQ.jpg
6633,A*n4C4RaMB8vwAAAAAAAAAAAAACjV1AA.jpg
6634,A*liuCRrd_PI8AAAAAAAAAAAAAAQAAAQ.jpg
6634,A*0zV3Qr9Hd-8AAAAAAAAAAAAACjV1AA.jpg
6635,A*w49TTrGHWQUAAAAAAAAAAAAAAQAAAQ.jpg
6635,A*6aB_Toz93qAAAAAAAAAAAAAACjV1AA.jpg
6636,A*V3SFQJulIEoAAAAAAAAAAAAACjV1AA.jpg
6636,A*O4lLT7fXFnCAIF9Hi54tbAAAAQAAAQ.jpg
6637,A*PIMcQ6XEOp8AAAAAAAAAAAAAAQAAAQ.jpg
6637,A*ClXeSbwECy0AAAAAAAAAAAAACjV1AA.jpg
6638,A*9W0_QL45VJ0AAAAAAAAAAAAACjV1AA.jpg
6638,A*N0lvQpLU7f4AAAAAAAAAAAAACjV1AA.jpg
6639,A*63CETrlBHMEAAAAAAAAAAAAAAQAAAQ.jpg
6639,A*BEm_RKTMQSoAAAAAAAAAAAAACjV1AA.jpg
6640,A*qVWtTb869JEAAAAAAAAAAAAAAQAAAQ.jpg
6640,A*ohYxQLSUtAIAAAAAAAAAAAAACjV1AA.jpg
6641,A*uYl3Rrll5z0AAAAAAAAAAAAAAQAAAQ.jpg
6641,A*ldtXQYcXoz8AAAAAAAAAAAAACjV1AA.jpg
6642,A*6n2LTLAnYVUAAAAAAAAAAAAAAQAAAQ.jpg
6642,A*CvznS6jpdjsAAAAAAAAAAAAACjV1AA.jpg
6643,A*Qw0JT5sHlxkAAAAAAAAAAAAAAQAAAQ.jpg
6643,A*XK57TpDwo80AAAAAAAAAAAAACjV1AA.jpg
6644,A*wRiiQLSH-2MAAAAAAAAAAAAAAQAAAQ.jpg
6644,A*SOR1R54xhS4AAAAAAAAAAAAACjV1AA.jpg
6645,A*JGkgRKda6YIAAAAAAAAAAAAACjV1AA.jpg
6645,A*5-TVT5jccKUAAAAAAAAAAAAACjV1AA.jpg
6646,A*Gj9QTYXpQjcAAAAAAAAAAAAAAQAAAQ.jpg
6646,A*X7FlT5KPo5EAAAAAAAAAAAAACjV1AA.jpg
6647,A*TJO4RqHvJsrrp59PonAUQgAAAQAAAQ.jpg
6647,A*mZkwSoV8LzS6iTRPknzDLgAACjV1AA.jpg
6648,A*RC8vQacLSsgAAAAAAAAAAAAAAQAAAQ.jpg
6648,A*lITtTpieV6sAAAAAAAAAAAAACjV1AA.jpg
6649,A*ATBNS72Fw5YAAAAAAAAAAAAACjV1AA.jpg
6649,A*Z1eNQ7hxKIER99VKkg8kVwAACjV1AA.jpg
6650,A*QuHfQIW5y0wAAAAAAAAAAAAAAQAAAQ.jpg
6650,A*BLLZQJb8GYEBKaJPkD3t2wAACjV1AA.jpg
6651,A*gDe3TpZ2clsAAAAAAAAAAAAAAQAAAQ.jpg
6651,A*QmHJS4ew3z8AAAAAAAAAAAAACjV1AA.jpg
6652,A*D2DYSptS2wgAAAAAAAAAAAAAAQAAAQ.jpg
6652,A*_YqSRYZzKxMAAAAAAAAAAAAACjV1AA.jpg
6653,A*9_BWRIfNbK8AAAAAAAAAAAAAAQAAAQ.jpg
6653,A*VD-2TK9LougAAAAAAAAAAAAACjV1AA.jpg
6654,O1CN01MsL8jZ1mi5o9w3M3D_!!0-mtopupload.jpg
6654,A*jUm7T6kSMDkAAAAAAAAAAAAACjV1AA.jpg
6655,A*6-3BQ6aQ6NMAAAAAAAAAAAAAAQAAAQ.jpg
6655,A*ZJsVQJOBNoIAAAAAAAAAAAAACjV1AA.jpg
6656,A*yuYLToSE9oEAAAAAAAAAAAAACjV1AA.jpg
6656,O1CN01drhQ8X1zbIvgTcgfZ_!!0-mtopupload.jpg
6657,A*33f6Qruf3YEAAAAAAAAAAAAACjV1AA.jpg
6657,A*j1DuSa2KfiYAAAAAAAAAAAAAAQAAAQ.jpg
6658,A*J_7DSprtOEUAAAAAAAAAAAAAAQAAAQ.jpg
6658,A*yXAQT6Xa2OYAAAAAAAAAAAAACjV1AA.jpg
6659,A*rWYUQJjT0RIAAAAAAAAAAAAAAQAAAQ.jpg
6659,A*WVuTSa0StQQAAAAAAAAAAAAACjV1AA.jpg
6660,A*cv8-QqCcrgEAAAAAAAAAAAAAAQAAAQ.jpg
6660,A*ZkSFRJjeKnsAAAAAAAAAAAAACjV1AA.jpg
6661,A*gXv3QI_M7HAAAAAAAAAAAAAAAQAAAQ.jpg
6661,A*L9kTT7ScKWwAAAAAAAAAAAAACjV1AA.jpg
6662,A*VXp8Q4HTpmcAAAAAAAAAAAAAAQAAAQ.jpg
6662,A*awDyTK3MI3sAAAAAAAAAAAAACjV1AA.jpg
6663,A*tWW9TZSdDFIAAAAAAAAAAAAACjV1AA.jpg
6663,A*wvTKS7j8T5QAAAAAAAAAAAAAAQAAAQ.jpg
6664,A*g7nuQ4vtQAkAAAAAAAAAAAAAAQAAAQ.jpg
6664,A*eaOjSIqUZbYAAAAAAAAAAAAACjV1AA.jpg
6665,A*p4A2Qa6cpUYAAAAAAAAAAAAACjV1AA.jpg
6665,A*NLlhS6NADi8AAAAAAAAAAAAAAQAAAQ.jpg
6666,A*tjetRawyhIgAAAAAAAAAAAAAAQAAAQ.jpg
6666,A*ADuiSrAIHYcAAAAAAAAAAAAACjV1AA.jpg
6667,A*OJmERqzcxs4AAAAAAAAAAAAAAQAAAQ.jpg
6667,A*LI93T7QRcO4AAAAAAAAAAAAACjV1AA.jpg
6668,A*7ec6ToFJr6EAAAAAAAAAAAAAAQAAAQ.jpg
6668,A*5SLESJaXlK8AAAAAAAAAAAAACjV1AA.jpg
6669,A*EAWgR5I7bwwAAAAAAAAAAAAAAQAAAQ.jpg
6669,A*cks5Sa_l3KQAAAAAAAAAAAAACjV1AA.jpg
6670,A*Od6QR54k5xQAAAAAAAAAAAAAAQAAAQ.jpg
6670,A*meqAR4ELEocAAAAAAAAAAAAACjV1AA.jpg
6671,A*1UrgTrkTDxIAAAAAAAAAAAAAAQAAAQ.jpg
6671,A*vDZhTKtiyW4AAAAAAAAAAAAACjV1AA.jpg
6672,A*j0IcTqQKk4wAAAAAAAAAAAAAAQAAAQ.jpg
6672,A*j9XwTaGNNbMAAAAAAAAAAAAACjV1AA.jpg
6673,A*SH8BQYAyVzkAAAAAAAAAAAAAAQAAAQ.jpg
6673,A*AOMNTru0vegAAAAAAAAAAAAACjV1AA.jpg
6674,A*EaQkSoeiYZMAAAAAAAAAAAAAAQAAAQ.jpg
6674,A*FgkrQZaTnBQAAAAAAAAAAAAACjV1AA.jpg
6675,A*g4CYRZ_cNzEAAAAAAAAAAAAAAQAAAQ.jpg
6675,A*MeEPQZsgNVAAAAAAAAAAAAAACjV1AA.jpg
6676,A*k1_ISYvh2BIFgBhErZt_kgAACjV1AA.jpg
6676,A*Ns78TreGpzMAAAAAAAAAAAAAAQAAAQ.jpg
6677,A*E9ckQ7Uq3k0AAAAAAAAAAAAACjV1AA.jpg
6677,A*R5IvQbGFEAsAAAAAAAAAAAAAAQAAAQ.jpg
6678,A*CHgxQbDjoiMAAAAAAAAAAAAAAQAAAQ.jpg
6678,A*CiiQTbCU70wAAAAAAAAAAAAACjV1AA.jpg
6679,A*lRbyQr1d6eoAAAAAAAAAAAAAAQAAAQ.jpg
6679,D3Yg15GQSR6-5SeUyRP-FgAAACMAARAD.jpg
6680,A*CH83TqQBhskAAAAAAAAAAAAACjV1AA.jpg
6680,A*bn7GSItSw_wAAAAAAAAAAAAAAQAAAQ.jpg
6681,A*FSijSqhEFasAAAAAAAAAAAAAAQAAAQ.jpg
6681,A*IZOJT7R37h3fs1hEiuagwgAACjV1AA.jpg
6682,A*nofATq39N6IcQxVHiX_ksQAAAQAAAQ.jpg
6682,A*v1WfS7GCrB8AAAAAAAAAAAAACjV1AA.jpg
6683,A*v8pkTaL1TYkAAAAAAAAAAAAAAQAAAQ.jpg
6683,A*qGCkSY1Sk0sAAAAAAAAAAAAACjV1AA.jpg
6684,A*D36ITqfBQQ8AAAAAAAAAAAAAAQAAAQ.jpg
6684,A*wdTJQ5UPEKkAAAAAAAAAAAAACjV1AA.jpg
6685,A*UjxYS4jXtoIAAAAAAAAAAAAAAQAAAQ.jpg
6685,A*qyQPTbTHIb8AAAAAAAAAAAAACjV1AA.jpg
6686,A*aY3ZSrrGN-EAAAAAAAAAAAAAAQAAAQ.jpg
6686,A*nN_4SaIrEdwAAAAAAAAAAAAACjV1AA.jpg
6687,A*P4ILTImtYZcAAAAAAAAAAAAACjV1AA.jpg
6687,A*G74hRa1tNz0AAAAAAAAAAAAAAQAAAQ.jpg
6688,A*MJXiRqQnbGkAAAAAAAAAAAAACjV1AA.jpg
6688,A*nGhCTL2BD0YAAAAAAAAAAAAACjV1AA.jpg
6689,A*MTTSQaSZIYcAAAAAAAAAAAAAAQAAAQ.jpg
6689,A*I0YyQIuyjwcAAAAAAAAAAAAACjV1AA.jpg
6690,A*RlngT6dTEowAAAAAAAAAAAAAAQAAAQ.jpg
6690,A*Eq91QYIWn3sAAAAAAAAAAAAACjV1AA.jpg
6691,A*LDwYRr378jAAAAAAAAAAAAAAAQAAAQ.jpg
6691,A*AnVDSbSkAK4AAAAAAAAAAAAACjV1AA.jpg
6692,A*tf61T7Kk6Z0AAAAAAAAAAAAAAQAAAQ.jpg
6692,A*hc-dSLwRsNYAAAAAAAAAAAAACjV1AA.jpg
6693,A*umjURZf-sGgAAAAAAAAAAAAAAQAAAQ.jpg
6693,A*yTHrTIlvCr0AAAAAAAAAAAAACjV1AA.jpg
6694,A*_PnXTYegu4sAAAAAAAAAAAAAAQAAAQ.jpg
6694,A*jYyiSouFXesAAAAAAAAAAAAACjV1AA.jpg
6695,A*OL38T6I9HbnzAs1JnGvS3wAAAQAAAQ.jpg
6695,A*3BjuQ4Mv7foAAAAAAAAAAAAACjV1AA.jpg
6696,A*VE_7TrMtOu9Lt9pFoRgsqQAAAQAAAQ.jpg
6696,A*t5n9SZjWc81E6wpCufgiBgAACjV1AA.jpg
6697,A*d7rYRaT6SuGelvdOl8hI8wAAAQAAAQ.jpg
6697,A*S6Z-Ro7SuwQSXEVDox8q5gAACjV1AA.jpg
6698,A*axvBQ5A07CoAAAAAAAAAAAAACjV1AA.jpg
6698,A*HGX4S4y2fhYAAAAAAAAAAAAACjV1AA.jpg
6699,A*8bdSS5LQL0IAAAAAAAAAAAAAAQAAAQ.jpg
6699,A*zgZ0QondtsQAAAAAAAAAAAAACjV1AA.jpg
6700,A*VokfRrZZtzwAAAAAAAAAAAAAAQAAAQ.jpg
6700,A*Pdr8RqNbvgMAAAAAAAAAAAAACjV1AA.jpg
6701,A*rV72RbJET0MAAAAAAAAAAAAAAQAAAQ.jpg
6701,A*wYoKQYoVHO6c5WdMk8SsQQAACjV1AA.jpg
6702,A*CnerSYQUPJkAAAAAAAAAAAAAAQAAAQ.jpg
6702,A*tw9jRqMAoNMAAAAAAAAAAAAACjV1AA.jpg
6703,A*RJvWSKRtLOgAAAAAAAAAAAAAAQAAAQ.jpg
6703,A*yy53RKeE568AAAAAAAAAAAAACjV1AA.jpg
6704,A*ZXsJRa7Fa0V9QmBKvkhCeAAAAQAAAQ.jpg
6704,A*OZLYQaXOPZUAAAAAAAAAAAAACjV1AA.jpg
6705,A*2Ik3Q7cc-kgAAAAAAAAAAAAACjV1AA.jpg
6705,A*sgocR4xES7wAAAAAAAAAAAAAAQAAAQ.jpg
6706,A*vO8BQ7y7TUcAAAAAAAAAAAAAAQAAAQ.jpg
6706,A*6wEpSpLAu-AAAAAAAAAAAAAACjV1AA.jpg
6707,A*wAjxS7MkH3sAAAAAAAAAAAAAAQAAAQ.jpg
6707,A*e--QRYvUJH0AAAAAAAAAAAAACjV1AA.jpg
6708,A*Wb_WR6zH2_4AAAAAAAAAAAAAAQAAAQ.jpg
6708,A*CiCzRboJOJwAAAAAAAAAAAAACjV1AA.jpg
6709,A*HJJ1Qoy0bQYAAAAAAAAAAAAAAQAAAQ.jpg
6709,A*UJxrT5RRevwAAAAAAAAAAAAACjV1AA.jpg
6710,A*u4sNRq4iKCAAAAAAAAAAAAAAAQAAAQ.jpg
6710,A*Sr-uSrK5cc4AAAAAAAAAAAAACjV1AA.jpg
6711,A*aPHnSoIXVlEAAAAAAAAAAAAAAQAAAQ.jpg
6711,A*MeLGT6VqH5cAAAAAAAAAAAAACjV1AA.jpg
6712,A*XRkSSJwWv4IAAAAAAAAAAAAAAQAAAQ.jpg
6712,A*O8D-SYvuzhsAAAAAAAAAAAAACjV1AA.jpg
6713,A*Eay5RIVhy2MAAAAAAAAAAAAAAQAAAQ.jpg
6713,A*RVtDT4VanTMAAAAAAAAAAAAACjV1AA.jpg
6714,A*KPaKT7cqh8IAAAAAAAAAAAAAAQAAAQ.jpg
6714,A*2o6URqS_hpcAAAAAAAAAAAAACjV1AA.jpg
6715,A*OQVQRZsQEhIAAAAAAAAAAAAAAQAAAQ.jpg
6715,A*x0CSQJbBdGkAAAAAAAAAAAAACjV1AA.jpg
6716,A*cP-lSKknxtsAAAAAAAAAAAAAAQAAAQ.jpg
6716,A*sUuXRrqqHxcAAAAAAAAAAAAACjV1AA.jpg
6717,A*hU11SKtzfWUAAAAAAAAAAAAACjV1AA.jpg
6717,A*_4V1Q6gIYTcAAAAAAAAAAAAAAQAAAQ.jpg
6718,A*6i0QRbe3dy8AAAAAAAAAAAAAAQAAAQ.jpg
6718,A*zJ4nRaSoNMkAAAAAAAAAAAAACjV1AA.jpg
6719,A*wHMTR6pmrZEAAAAAAAAAAAAAAQAAAQ.jpg
6719,A*Rm2eTLCG5lkAAAAAAAAAAAAACjV1AA.jpg
6720,A*Kti_T5qhvbsAAAAAAAAAAAAAAQAAAQ.jpg
6720,A*ja1wRqaZyfMAAAAAAAAAAAAACjV1AA.jpg
6721,A*QEfJRrDGTmsAAAAAAAAAAAAAAQAAAQ.jpg
6721,A*mmaRTru3ytsAAAAAAAAAAAAACjV1AA.jpg
6722,A*cq1UToPAnNIAAAAAAAAAAAAAAQAAAQ.jpg
6722,A*2xPXTITuGfMAAAAAAAAAAAAACjV1AA.jpg
6723,A*tav6Qoz68y0AAAAAAAAAAAAAAQAAAQ.jpg
6723,A*UMeNRKE6CtAAAAAAAAAAAAAACjV1AA.jpg
6724,A*QK_eRL9kYcsAAAAAAAAAAAAAAQAAAQ.jpg
6724,A*t_LET7eczJIDyZpCjNPvlgAACjV1AA.jpg
6725,A*iKMSTqxaGEwAAAAAAAAAAAAAAQAAAQ.jpg
6725,A*a1zwQJLLdisAAAAAAAAAAAAACjV1AA.jpg
6726,A*yxmMT6gz4oMAAAAAAAAAAAAACjV1AA.jpg
6726,A*GUbjR7wYL4wAAAAAAAAAAAAAAQAAAQ.jpg
6727,A*DArQQaJ_aUUAAAAAAAAAAAAAAQAAAQ.jpg
6727,A*JRv5S5UV9SEAAAAAAAAAAAAACjV1AA.jpg
6728,A*D2EoQ6FmQ6UAAAAAAAAAAAAACjV1AA.jpg
6728,A*HosgR7Wsd5AAAAAAAAAAAAAACjV1AA.jpg
6729,A*OWxpT6BaH68AAAAAAAAAAAAACjV1AA.jpg
6729,A*Qh13RLwECI4AAAAAAAAAAAAAAQAAAQ.jpg
6730,A*OekpRbM81i8AAAAAAAAAAAAAAQAAAQ.jpg
6730,A*TNKMTqZqg6EAAAAAAAAAAAAACjV1AA.jpg
6731,O1CN01n0Q6Ou23nRtPzLUpL_!!0-mtopupload.jpg
6731,A*eao8R6YSAA8AAAAAAAAAAAAACjV1AA.jpg
6732,A*anG0QqMv2jUAAAAAAAAAAAAAAQAAAQ.jpg
6732,A*XiaxSaH3mEUAAAAAAAAAAAAACjV1AA.jpg
6733,A*rUXSQoBotV4AAAAAAAAAAAAAAQAAAQ.jpg
6733,A*MZHeSZJxDWLbU7RLiAEFKwAACjV1AA.jpg
6734,A*nxeeT4ppR90AAAAAAAAAAAAAAQAAAQ.jpg
6734,A*QlaLT4GBCleszslAoN02PgAACjV1AA.jpg
6735,A*NRodQK1GJioAAAAAAAAAAAAAAQAAAQ.jpg
6735,A*E_bxTKsgThgAAAAAAAAAAAAACjV1AA.jpg
6736,A*JtONTqq12PsAAAAAAAAAAAAAAQAAAQ.jpg
6736,A*zQT-S6fgSj8AAAAAAAAAAAAACjV1AA.jpg
6737,A*2DYoT4ihgd8AAAAAAAAAAAAAAQAAAQ.jpg
6737,A*cINgTo482XgAAAAAAAAAAAAACjV1AA.jpg
6738,A*yBUQTZu2q0AAAAAAAAAAAAAACjV1AA.jpg
6738,A*3_HhS6jKuzIAAAAAAAAAAAAAAQAAAQ.jpg
6739,A*i4WBTL4xTWgAAAAAAAAAAAAAAQAAAQ.jpg
6739,A*lQWTR4auIckAAAAAAAAAAAAACjV1AA.jpg
6740,A*S6cvT47PUvAAAAAAAAAAAAAAAQAAAQ.jpg
6740,A*5aAPTb7wOF4AAAAAAAAAAAAACjV1AA.jpg
6741,A*s_cLQaOjHbMAAAAAAAAAAAAAAQAAAQ.jpg
6741,A*60CmSZyEQV8AAAAAAAAAAAAACjV1AA.jpg
6742,A*8CxwTJeFxbAAAAAAAAAAAAAACjV1AA.jpg
6742,A*FHijSo_6xTEAAAAAAAAAAAAAAQAAAQ.jpg
6743,A*HIEeTLoUEsYAAAAAAAAAAAAACjV1AA.jpg
6743,A*BUN_Soy7AhYAAAAAAAAAAAAAAQAAAQ.jpg
6744,A*xoqLSbvw9KYAAAAAAAAAAAAACjV1AA.jpg
6744,A*oik7TqI-GgUAAAAAAAAAAAAAAQAAAQ.jpg
6745,A*cHVyRZTyKt4AAAAAAAAAAAAAAQAAAQ.jpg
6745,A*xY0JQ4G2PKsAAAAAAAAAAAAACjV1AA.jpg
6746,A*06vJRYa5lEoAAAAAAAAAAAAAAQAAAQ.jpg
6746,A*UO0fTbhG4JEAAAAAAAAAAAAACjV1AA.jpg
6747,A*fUSsRKyVoIUAAAAAAAAAAAAAAQAAAQ.jpg
6747,A*u6KSQ6LpzsUAAAAAAAAAAAAACjV1AA.jpg
6748,A*YqXHTYscEjEAAAAAAAAAAAAAAQAAAQ.jpg
6748,A*C7OWRJWn5n0AAAAAAAAAAAAACjV1AA.jpg
6749,A*aDgsRq-fh9YQMwREhmgrcQAACjV1AA.jpg
6749,A*QxTQQqcINekAAAAAAAAAAAAACjV1AA.jpg
6750,A*5BGXRbmz35TJ5wFAkLq0lgAAAQAAAQ.jpg
6750,A*KsfBQLXBWVAAAAAAAAAAAAAACjV1AA.jpg
6751,A*lGCdTpZle5XnrghFveALCAAAAQAAAQ.jpg
6751,A*6QlGSYUjwhYAAAAAAAAAAAAACjV1AA.jpg
6752,A*j6agTaptaY0AAAAAAAAAAAAAAQAAAQ.jpg
6752,A*hjfqS43BcmAAAAAAAAAAAAAACjV1AA.jpg
6753,A*y_0KQKjyYOfzZMNGrWlkbQAACjV1AA.jpg
6753,A*HB8zQ679wYAAAAAAAAAAAAAAAQAAAQ.jpg
6754,A*FTipTp7dJqMAAAAAAAAAAAAAAQAAAQ.jpg
6754,A*_bW7SpFtbqsAAAAAAAAAAAAACjV1AA.jpg
6755,A*ryjaRKRB0eIpQ7VCr321KgAACjV1AA.jpg
6755,A*EpiVTbhV5gwAAAAAAAAAAAAAAQAAAQ.jpg
6756,A*5bBFQ7fc_Z8AAAAAAAAAAAAAAQAAAQ.jpg
6756,A*YaGTSpKsO3MAAAAAAAAAAAAACjV1AA.jpg
6757,A*fG8STZN_BX0AAAAAAAAAAAAACjV1AA.jpg
6757,A*djiATrwcnQwAAAAAAAAAAAAAAQAAAQ.jpg
6758,A*p_jTSKrgXqwAAAAAAAAAAAAAAQAAAQ.jpg
6758,A*l_nhQ4Fx4ZgAAAAAAAAAAAAACjV1AA.jpg
6759,A*dBujQ79bZ24AAAAAAAAAAAAAAQAAAQ.jpg
6759,A*W24OTpmyfe0AAAAAAAAAAAAACjV1AA.jpg
6760,A*jwJTTYV_YoMAAAAAAAAAAAAAAQAAAQ.jpg
6760,A*8pNQQIvXwmAAAAAAAAAAAAAACjV1AA.jpg
6761,A*Gt3HTrkL1TUAAAAAAAAAAAAAAQAAAQ.jpg
6761,A*33aMR51O2k0AAAAAAAAAAAAACjV1AA.jpg
6762,A*h9ZuSp7KgYwAAAAAAAAAAAAACjV1AA.jpg
6762,A*vOvwQ4gAFTIAAAAAAAAAAAAACjV1AA.jpg
6763,A*sSIdTqHzp4MAAAAAAAAAAAAAAQAAAQ.jpg
6763,A*cNTQQ67nKsIAAAAAAAAAAAAACjV1AA.jpg
6764,A*MZPaSrRPv0YAAAAAAAAAAAAACjV1AA.jpg
6764,A*kL27TppZ0YUAAAAAAAAAAAAAAQAAAQ.jpg
6765,A*6EkrRqaaVaIAAAAAAAAAAAAAAQAAAQ.jpg
6765,A*rFCQR5VeHmYAAAAAAAAAAAAACjV1AA.jpg
6766,A*NXA3TK2GA90AAAAAAAAAAAAACjV1AA.jpg
6766,A*cm93S7uVwvcAAAAAAAAAAAAAAQAAAQ.jpg
6767,A*ZigPRb9aZdcAAAAAAAAAAAAACjV1AA.jpg
6767,A*cZC8TZ1F8wgAAAAAAAAAAAAAAQAAAQ.jpg
6768,A*aFjNQo3pdPQAAAAAAAAAAAAAAQAAAQ.jpg
6768,A*WG1SS6uSdg0AAAAAAAAAAAAACjV1AA.jpg
6769,A*bjJ6Q6vAfEgAAAAAAAAAAAAAAQAAAQ.jpg
6769,A*Ez9yQ6zpfLQAAAAAAAAAAAAACjV1AA.jpg
6770,A*sGiNR5dTdQIAAAAAAAAAAAAAAQAAAQ.jpg
6770,A*-BMGQKLne6UAAAAAAAAAAAAACjV1AA.jpg
6771,A*evhZRaQHU3YAAAAAAAAAAAAAAQAAAQ.jpg
6771,A*XKqSSLRADy8AAAAAAAAAAAAACjV1AA.jpg
6772,A*wjbxTaNI0T0AAAAAAAAAAAAAAQAAAQ.jpg
6772,A*t0KWSLlIMdgAAAAAAAAAAAAACjV1AA.jpg
6773,A*oaLsSo4fj4AAAAAAAAAAAAAAAQAAAQ.jpg
6773,A*E8b-Sp8PvPsAAAAAAAAAAAAACjV1AA.jpg
6774,A*pvWAQ5mkmqkAAAAAAAAAAAAAAQAAAQ.jpg
6774,A*M4YBRJbrTWoAAAAAAAAAAAAACjV1AA.jpg
6775,A*wDuiSYmsG8MAAAAAAAAAAAAAAQAAAQ.jpg
6775,A*YOn_TagACsQAAAAAAAAAAAAACjV1AA.jpg
6776,A*nnt1QoUMilwAAAAAAAAAAAAACjV1AA.jpg
6776,A*rDufQaOJqkvQ9FVOjA0iUgAAAwEAAQ.jpg
6777,A*C5m3Qb-t2iEAAAAAAAAAAAAAAQAAAQ.jpg
6777,A*xVltTL4nG8oAAAAAAAAAAAAACjV1AA.jpg
6778,A*XU1iRJwyxEQAAAAAAAAAAAAAAQAAAQ.jpg
6778,A*VQ0XSKdxoPUAAAAAAAAAAAAACjV1AA.jpg
6779,A*7_r0RbCtgaIAAAAAAAAAAAAAAQAAAQ.jpg
6779,A*ZnahQI8tlkYAAAAAAAAAAAAACjV1AA.jpg
6780,A*lfLkSbsj9gwAAAAAAAAAAAAAAQAAAQ.jpg
6780,A*uZWAS7ojXqkAAAAAAAAAAAAACjV1AA.jpg
6781,A*dgdYQpmskw0AAAAAAAAAAAAAAQAAAQ.jpg
6781,A*6glFTanfsrwAAAAAAAAAAAAACjV1AA.jpg
6782,A*50qEQoK-CzsAAAAAAAAAAAAAAQAAAQ.jpg
6782,A*5beYTJjWTyoAAAAAAAAAAAAACjV1AA.jpg
6783,A*EC4OTZKlkA0AAAAAAAAAAAAAAQAAAQ.jpg
6783,A*9mPeR7eMJ94AAAAAAAAAAAAACjV1AA.jpg
6784,A*Q24lTo1WweoAAAAAAAAAAAAAAQAAAQ.jpg
6784,A*t0vVRrucixQAAAAAAAAAAAAACjV1AA.jpg
6785,A*_2paQIAODqEAAAAAAAAAAAAACjV1AA.jpg
6785,A*USD_QYwnwDIAAAAAAAAAAAAAAQAAAQ.jpg
6786,A*zeVtQ5oufy4AAAAAAAAAAAAAAQAAAQ.jpg
6786,A*O8qmTKJfTgoAAAAAAAAAAAAACjV1AA.jpg
6787,A*Xh-uTIpuACMAAAAAAAAAAAAACjV1AA.jpg
6787,A*gx-bRJhG-tsAAAAAAAAAAAAAAQAAAQ.jpg
6788,A*IhhkTakJC8gAAAAAAAAAAAAAAQAAAQ.jpg
6788,A*c_MGSboh548AAAAAAAAAAAAACjV1AA.jpg
6789,A*eZf9RbdPzosAAAAAAAAAAAAAAQAAAQ.jpg
6789,A*bOjmSK0YRPWCw49AnL-5GAAACjV1AA.jpg
6790,A*2-WgQ5R00XAAAAAAAAAAAAAAAQAAAQ.jpg
6790,A*cQjtRbYOdXsAAAAAAAAAAAAACjV1AA.jpg
6791,A*mZ8WQIIE6c4AAAAAAAAAAAAAAQAAAQ.jpg
6791,A*TgRqT4O_6w0AAAAAAAAAAAAACjV1AA.jpg
6792,A*Nk7uSKYinrkAAAAAAAAAAAAACjV1AA.jpg
6792,A*i3mQQI9J8Z8AAAAAAAAAAAAACjV1AA.jpg
6793,A*RLEuQLR3mxQAAAAAAAAAAAAAAQAAAQ.jpg
6793,A*13GeSZQc21UAAAAAAAAAAAAACjV1AA.jpg
6794,A*0hHoTqNaEZUAAAAAAAAAAAAAAQAAAQ.jpg
6794,A*fwptS5tsDEAAAAAAAAAAAAAACjV1AA.jpg
6795,A*aVovS7qNND38JgtKi5g5yAAAAQAAAQ.jpg
6795,A*V-QCRas_3lIAAAAAAAAAAAAACjV1AA.jpg
6796,A*luWYS6Tz2uwAAAAAAAAAAAAAAQAAAQ.jpg
6796,A*k0QcS7I3IHwAAAAAAAAAAAAACjV1AA.jpg
6797,A*v353RrNhU8YAAAAAAAAAAAAAAQAAAQ.jpg
6797,A*iRP6QYvXavMAAAAAAAAAAAAACjV1AA.jpg
6798,A*zPdmRIvUl6wAAAAAAAAAAAAAAQAAAQ.jpg
6798,A*kOHTQ7kF9A8AAAAAAAAAAAAACjV1AA.jpg
6799,A*f_XnRYgihogAAAAAAAAAAAAACjV1AA.jpg
6799,O1CN01WhbQab23Msx8ICMYV_!!0-mtopupload.jpg
6800,A*e5S3R51yRrMAAAAAAAAAAAAAAQAAAQ.jpg
6800,A*2h5-T64A-PiQXoxIhWhPcwAACjV1AA.jpg
6801,A*4C4OS6LmHlQAAAAAAAAAAAAAAQAAAQ.jpg
6801,A*OwepQoz1fHcAAAAAAAAAAAAACjV1AA.jpg
6802,A*ZWoDRouMW7kAAAAAAAAAAAAACjV1AA.jpg
6802,A*0tpbTIYt1iYAAAAAAAAAAAAACjV1AA.jpg
6803,A*ErYSSpjz1ogAAAAAAAAAAAAAAQAAAQ.jpg
6803,A*rYKcTKlftb0AAAAAAAAAAAAACjV1AA.jpg
6804,A*0mE7RLIX2JoAAAAAAAAAAAAAAQAAAQ.jpg
6804,A*DfkRRoZDLd8AAAAAAAAAAAAACjV1AA.jpg
6805,A*k6PZQbHbjVoAAAAAAAAAAAAAAQAAAQ.jpg
6805,A*nGwBSphW08rgOR9Mh4Je-AAACjV1AA.jpg
6806,A*ZXBASJ0CwFQAAAAAAAAAAAAAAQAAAQ.jpg
6806,A*9WA9RbMeob8AAAAAAAAAAAAACjV1AA.jpg
6807,A*_V2RRrUhTdYAAAAAAAAAAAAAAQAAAQ.jpg
6807,A*s2zrRJG-0JcAAAAAAAAAAAAACjV1AA.jpg
6808,A*rbW1TKxKjIYAAAAAAAAAAAAAAQAAAQ.jpg
6808,A*w-ZrTaYM81UAAAAAAAAAAAAACjV1AA.jpg
6809,A*3C-QRKH81m0AAAAAAAAAAAAAAQAAAQ.jpg
6809,A*XwqyS6cVoLcAAAAAAAAAAAAACjV1AA.jpg
6810,A*MH_qT58LdfYAAAAAAAAAAAAACjV1AA.jpg
6810,A*CSDvSITeYVAAAAAAAAAAAAAAAQAAAQ.jpg
6811,A*0MMFTYdaH9EAAAAAAAAAAAAAAQAAAQ.jpg
6811,A*YVFkTZ3teN4AAAAAAAAAAAAACjV1AA.jpg
6812,A*iN72QomGZQIAAAAAAAAAAAAAAQAAAQ.jpg
6812,A*g9VQTp-RO94AAAAAAAAAAAAACjV1AA.jpg
6813,A*32ECTbgcSp4AAAAAAAAAAAAACjV1AA.jpg
6813,A*fHiiTKvmWV8AAAAAAAAAAAAAAQAAAQ.jpg
6814,A*MV7IRIbrmAQAAAAAAAAAAAAACjV1AA.jpg
6814,A*DAtsR53x12QAAAAAAAAAAAAAAQAAAQ.jpg
6815,A*71geQayc-WQAAAAAAAAAAAAAAQAAAQ.jpg
6815,A*jNaFQ7a4YwoAAAAAAAAAAAAACjV1AA.jpg
6816,A*ZteYR7ViBooAAAAAAAAAAAAAAQAAAQ.jpg
6816,A*ugCVTLJa6aMAAAAAAAAAAAAACjV1AA.jpg
6817,O1CN01RSiR3B1hQAFR4XcUN_!!0-mtopupload.jpg
6817,A*2Hi9SbEBi94AAAAAAAAAAAAACjV1AA.jpg
6818,A*JtfsQpDc6yhY18VEp8VXYgAAAQAAAQ.jpg
6818,A*QH_iQ72ikMAAAAAAAAAAAAAACjV1AA.jpg
6819,A*yhs8RZSwSvgAAAAAAAAAAAAAAQAAAQ.jpg
6819,A*wGNPQryI9oMAAAAAAAAAAAAACjV1AA.jpg
6820,A*l2BNRpl3xOwAAAAAAAAAAAAACjV1AA.jpg
6820,A*6NopTYTZR7gAAAAAAAAAAAAAAQAAAQ.jpg
6821,A*RMtpQYOnxfhbOrpEpUzuUwAACjV1AA.jpg
6821,A*VR31RI2XUSEAAAAAAAAAAAAAAQAAAQ.jpg
6822,A*Pl0MRJMWX1sAAAAAAAAAAAAAAQAAAQ.jpg
6822,A*qzweR4Hgq6EAAAAAAAAAAAAACjV1AA.jpg
6823,A*uX4fRKdptyIAAAAAAAAAAAAAAQAAAQ.jpg
6823,A*xRrUQ4DzwioAAAAAAAAAAAAACjV1AA.jpg
6824,A*ptxpQK_wIFsAAAAAAAAAAAAAAQAAAQ.jpg
6824,A*1g9IS6PnqMQAAAAAAAAAAAAACjV1AA.jpg
6825,A*dMhxSJThhr8AAAAAAAAAAAAAAQAAAQ.jpg
6825,A*-PZjQJqT6-cAAAAAAAAAAAAACjV1AA.jpg
6826,A*4eUCRZq6Mh8AAAAAAAAAAAAAAQAAAQ.jpg
6826,A*hBDYQr2THGIAAAAAAAAAAAAACjV1AA.jpg
6827,O1CN019cjSk921pca7KKvU3_!!0-mtopupload.jpg
6827,A*vZF1Q6kExnIAAAAAAAAAAAAACjV1AA.jpg
6828,A*n4mVTbPoEfMAAAAAAAAAAAAAAQAAAQ.jpg
6828,A*y1eUR5NocAUAAAAAAAAAAAAACjV1AA.jpg
6829,A*TCm5QbcZ5C0AAAAAAAAAAAAAAQAAAQ.jpg
6829,A*jN53Tp6XHvMAAAAAAAAAAAAACjV1AA.jpg
6830,A*p8VzSaTX0VUAAAAAAAAAAAAAAQAAAQ.jpg
6830,A*GIotQodx9uMAAAAAAAAAAAAACjV1AA.jpg
6831,A*bIn0TIyOjXgAAAAAAAAAAAAAAQAAAQ.jpg
6831,O1CN01wy6nr81CgQDVc6tBC_!!0-mtopupload.jpg
6832,A*HRevSZD8vKMAAAAAAAAAAAAAAQAAAQ.jpg
6832,A*xP3ySb3aMhEAAAAAAAAAAAAACjV1AA.jpg
6833,A*ULODTIW0O7IAAAAAAAAAAAAAAQAAAQ.jpg
6833,A*6NcETZzMkNYAAAAAAAAAAAAACjV1AA.jpg
6834,A*rPtASYxGcAYAAAAAAAAAAAAAAQAAAQ.jpg
6834,A*c482QocgByI4QS5Po6SyIQAACjV1AA.jpg
6835,A*v4_PTKJKjCoAAAAAAAAAAAAAAQAAAQ.jpg
6835,A*KK6yS4Hf5ycAAAAAAAAAAAAACjV1AA.jpg
6836,A*K9kWTYzrRUcAAAAAAAAAAAAAAQAAAQ.jpg
6836,A*x9xnSYlwX9E-m8pItWWfOwAACjV1AA.jpg
6837,A*WH5hRqNH-Jt71r9Hjr103AAAAQAAAQ.jpg
6837,A*eNMXRbJxzKAAAAAAAAAAAAAACjV1AA.jpg
6838,A*1kCHT4a5TuFUuONGn9MPygAACjV1AA.jpg
6838,A*pL85TaUmXToAAAAAAAAAAAAAAQAAAQ.jpg
6839,A*N97XRL_kbN0AAAAAAAAAAAAACjV1AA.jpg
6839,A*DYupS5w2Eu8AAAAAAAAAAAAAAQAAAQ.jpg
6840,A*jYx6S6WpDEUAAAAAAAAAAAAAAQAAAQ.jpg
6840,A*_FibTZ9gIasAAAAAAAAAAAAACjV1AA.jpg
6841,A*YqB6R76YkqwAAAAAAAAAAAAAAQAAAQ.jpg
6841,A*skSJR6VvdfcAAAAAAAAAAAAACjV1AA.jpg
6842,A*Cd24SJKGgKkAAAAAAAAAAAAAAQAAAQ.jpg
6842,A*4U81SapsFVw4mOdPpaGRjwAACjV1AA.jpg
6843,A*Z2irR4SLNBIAAAAAAAAAAAAAAQAAAQ.jpg
6843,A*-8j1SJ1jabcAAAAAAAAAAAAACjV1AA.jpg
6844,A*27ACSpjYr_EAAAAAAAAAAAAAAQAAAQ.jpg
6844,A*5kfCQ6_kd48AAAAAAAAAAAAACjV1AA.jpg
6845,A*bRQNSoTudh8AAAAAAAAAAAAAAQAAAQ.jpg
6845,A*ujRlSYB9s5YAAAAAAAAAAAAACjV1AA.jpg
6846,A*yE4oS5by4dAAAAAAAAAAAAAACjV1AA.jpg
6846,A*ySv5SJ06j04AAAAAAAAAAAAAAQAAAQ.jpg
6847,A*odKAS4MN85wAAAAAAAAAAAAAAQAAAQ.jpg
6847,A*qNzoSrGPpcQAAAAAAAAAAAAACjV1AA.jpg
6848,O1CN010LSnrv1LZr5WqW7Ic_!!2664911314-0-antinsbiocamera.jpg
6848,A*kHHiRJpBSsUAAAAAAAAAAAAACjV1AA.jpg
6849,A*vj96QoBdWcsbLq5IlVgGhgAAAQAAAQ.jpg
6849,A*LuTnTrRGAnUAAAAAAAAAAAAACjV1AA.jpg
6850,A*fbu0QI6efIQAAAAAAAAAAAAACjV1AA.jpg
6850,A*h2hYS7-9wnoAAAAAAAAAAAAAAQAAAQ.jpg
6851,A*gg9lSZK0JXIAAAAAAAAAAAAAAQAAAQ.jpg
6851,A*VgReSrOknnwAAAAAAAAAAAAACjV1AA.jpg
6852,A*RQgtTpI_TDUAAAAAAAAAAAAACjV1AA.jpg
6852,A*bOd_Q7lt0SsAAAAAAAAAAAAACjV1AA.jpg
6853,A*oyRFSJZ09rYAAAAAAAAAAAAAAQAAAQ.jpg
6853,A*U-tZRps0x78AAAAAAAAAAAAACjV1AA.jpg
6854,A*wm04R45o9_QAAAAAAAAAAAAAAQAAAQ.jpg
6854,A*FIl1R73lxB8AAAAAAAAAAAAACjV1AA.jpg
6855,A*HGGKTKrZGbzeibtHnSmfgwAAAQAAAQ.jpg
6855,A*I-57TIr9jQoAAAAAAAAAAAAACjV1AA.jpg
6856,A*BhvpRpgsItIAAAAAAAAAAAAACjV1AA.jpg
6856,A*fxswT7wN56sAAAAAAAAAAAAAAQAAAQ.jpg
6857,A*jUn3TZ8zTTcAAAAAAAAAAAAACjV1AA.jpg
6857,A*XxDtQJLF5KoAAAAAAAAAAAAAAQAAAQ.jpg
6858,A*PX2eRoGOVisAAAAAAAAAAAAACjV1AA.jpg
6858,A*YHfhSrdF7ZIAAAAAAAAAAAAAAQAAAQ.jpg
6859,A*Y25oRKvtIcoAAAAAAAAAAAAAAQAAAQ.jpg
6859,A*xeoqRph8Dm0AAAAAAAAAAAAACjV1AA.jpg
6860,A*_aSqSaCmTQsAAAAAAAAAAAAACjV1AA.jpg
6860,A*74i8S6KXkfUAAAAAAAAAAAAAAQAAAQ.jpg
6861,A*erDSSb7IfJ4AAAAAAAAAAAAAAQAAAQ.jpg
6861,A*UuT7Q6PxWwUAAAAAAAAAAAAACjV1AA.jpg
6862,A*8mBlQK1bKzEAAAAAAAAAAAAAAQAAAQ.jpg
6862,A*NKm0Rrc_4usAAAAAAAAAAAAACjV1AA.jpg
6863,A*joS1QpdvOasAAAAAAAAAAAAACjV1AA.jpg
6863,A*ULDcQZ7jZj0AAAAAAAAAAAAAAQAAAQ.jpg
6864,A*ucqwQLbD1PkAAAAAAAAAAAAAAQAAAQ.jpg
6864,A*xZL6S631OXgAAAAAAAAAAAAACjV1AA.jpg
6865,A*UsNgSbpEYllv5ktMo5wdegAACjV1AA.jpg
6865,A*v6pFQYvUsooAAAAAAAAAAAAAAQAAAQ.jpg
6866,A*wuk3TKtRv28AAAAAAAAAAAAAAQAAAQ.jpg
6866,A*zbOyRrcSvCUAAAAAAAAAAAAACjV1AA.jpg
6867,A*ZNiCT7uF4zcAAAAAAAAAAAAAAQAAAQ.jpg
6867,A*w_XFS7mN_2kAAAAAAAAAAAAACjV1AA.jpg
6868,A*1FLnTZ4NkVgAAAAAAAAAAAAAAQAAAQ.jpg
6868,A*6RTGTKVHy2cAAAAAAAAAAAAACjV1AA.jpg
6869,A*3I6dTI2WRMQ37JdGt554RQAACjV1AA.jpg
6869,A*XtSfQ5AA2YQAAAAAAAAAAAAACjV1AA.jpg
6870,A*fPnNRaeEcbAAAAAAAAAAAAAACjV1AA.jpg
6870,oR2YLR_BQLCTqYZcFl4pjAAAACMAARAD.jpg
6871,A*EEWLSLeW2WwAAAAAAAAAAAAAAQAAAQ.jpg
6871,A*37qOTYbzieYAAAAAAAAAAAAACjV1AA.jpg
6872,A*srSSSpDE9-kAAAAAAAAAAAAAAQAAAQ.jpg
6872,A*wTtnR5lINrEAAAAAAAAAAAAACjV1AA.jpg
6873,A*-fwOQrQ8v1AAAAAAAAAAAAAAAQAAAQ.jpg
6873,A*aKLmQaVLEuAAAAAAAAAAAAAACjV1AA.jpg
6874,A*PZ3oTLYkpRMAAAAAAAAAAAAAAQAAAQ.jpg
6874,A*PHAoTqp3UKIAAAAAAAAAAAAACjV1AA.jpg
6875,A*_gp3SK83Zl4AAAAAAAAAAAAAAQAAAQ.jpg
6875,A*FCcPSrDeBvIAAAAAAAAAAAAACjV1AA.jpg
6876,A*nuesTZh-ZBYAAAAAAAAAAAAAAQAAAQ.jpg
6876,A*AxqtQba_XB8AAAAAAAAAAAAACjV1AA.jpg
6877,A*UMxRQKvIOb8AAAAAAAAAAAAAAQAAAQ.jpg
6877,A*G_87Sp2Yyi0AAAAAAAAAAAAACjV1AA.jpg
6878,A*vVdMRLn2KZ4AAAAAAAAAAAAAAQAAAQ.jpg
6878,A*O3KNTq_DPNoAAAAAAAAAAAAACjV1AA.jpg
6879,A*sr10RLIizkkAAAAAAAAAAAAACjV1AA.jpg
6879,O1CN01b03pd22L5d5MRbdZv_!!918279641-0-antinsbiocamera.jpg
6880,A*z4YWSKYremUAAAAAAAAAAAAAAQAAAQ.jpg
6880,A*0UrFTJSjFjoAAAAAAAAAAAAACjV1AA.jpg
6881,A*jw1YTIWqiNsAAAAAAAAAAAAAAQAAAQ.jpg
6881,A*LnWhSIWS3fIAAAAAAAAAAAAACjV1AA.jpg
6882,A*NQ5yTqZqt90AAAAAAAAAAAAAAQAAAQ.jpg
6882,A*g64GQJTRHQEAAAAAAAAAAAAACjV1AA.jpg
6883,A*s2elQ7-bXp8AAAAAAAAAAAAAAQAAAQ.jpg
6883,A*SYAxTY8tXU0AAAAAAAAAAAAACjV1AA.jpg
6884,A*U8tPRJIG1C0AAAAAAAAAAAAAAQAAAQ.jpg
6884,A*KIX3R73k5klyMHVElIMClAAACjV1AA.jpg
6885,A*SDFoQoCF6m4AAAAAAAAAAAAAAQAAAQ.jpg
6885,A*WUllT5F4RnEAAAAAAAAAAAAACjV1AA.jpg
6886,A*2to8Q74nqe-4mHJIi4THvwAACjV1AA.jpg
6886,A*y_kmTLnAUYoAAAAAAAAAAAAAAQAAAQ.jpg
6887,A*-oSpQIWptXIAAAAAAAAAAAAAAQAAAQ.jpg
6887,A*N0XoT593RiEAAAAAAAAAAAAACjV1AA.jpg
6888,A*nVcUQIRvCDwAAAAAAAAAAAAAAQAAAQ.jpg
6888,A*iI6bRLgHGkwAAAAAAAAAAAAACjV1AA.jpg
6889,A*cCsyRZd3CFEAAAAAAAAAAAAAAQAAAQ.jpg
6889,A*ZMJXRIjPuWIAAAAAAAAAAAAACjV1AA.jpg
6890,A*2zVnRLQ_Pl4AAAAAAAAAAAAACjV1AA.jpg
6890,A*EywKSIkpavbxc15PkNHkPAAAAQAAAQ.jpg
6891,A*CyVuQp8cCqUAAAAAAAAAAAAAAQAAAQ.jpg
6891,A*XSbsTYx-7qMAAAAAAAAAAAAACjV1AA.jpg
6892,A*a9IPQahYchcAAAAAAAAAAAAAAQAAAQ.jpg
6892,A*AR7wQLoID4MAAAAAAAAAAAAACjV1AA.jpg
6893,A*awaYQr8wwKUAAAAAAAAAAAAAAQAAAQ.jpg
6893,A*aT7NQ66ge4EAAAAAAAAAAAAACjV1AA.jpg
6894,A*lMvWS6skK1oAAAAAAAAAAAAAAQAAAQ.jpg
6894,A*tIgBRpFnqWAAAAAAAAAAAAAACjV1AA.jpg
6895,A*-0XJTZ2rLlwAAAAAAAAAAAAAAQAAAQ.jpg
6895,A*-RHtSIGGSZ0AAAAAAAAAAAAACjV1AA.jpg
6896,A*1mFlSbbhLS8AAAAAAAAAAAAAAQAAAQ.jpg
6896,A*5qN8TprYYrQAAAAAAAAAAAAACjV1AA.jpg
6897,A*TeGWR7b0BTQHlatAs9dWzQAAAQAAAQ.jpg
6897,A*W1U4QoPgr8wAAAAAAAAAAAAACjV1AA.jpg
6898,A*wRVfR4I2aXYAAAAAAAAAAAAAAQAAAQ.jpg
6898,A*cCJWS6bwwKIAAAAAAAAAAAAACjV1AA.jpg
6899,A*ybzHQ6CUUXcAAAAAAAAAAAAAAQAAAQ.jpg
6899,A*PnoaRrDXp-AAAAAAAAAAAAAACjV1AA.jpg
6900,O1CN01PinyKM1p56vvHpHpF_!!0-mtopupload.jpg
6900,A*YO4OS7g9r54AAAAAAAAAAAAACjV1AA.jpg
6901,O1CN01P4DlV61UUf607YXys_!!0-mtopupload.jpg
6901,A*UPizRK5T28oAAAAAAAAAAAAACjV1AA.jpg
6902,A*g8bjQJE147YAAAAAAAAAAAAAAQAAAQ.jpg
6902,A*Yr2MRq0T_rAAAAAAAAAAAAAACjV1AA.jpg
6903,A*hlihTaaQGpkAAAAAAAAAAAAAAQAAAQ.jpg
6903,A*jTrGTJp_c6IAAAAAAAAAAAAACjV1AA.jpg
6904,A*e4wVQIjvML8AAAAAAAAAAAAAAQAAAQ.jpg
6904,A*0qy_SKq5xQQAAAAAAAAAAAAACjV1AA.jpg
6905,A*pVYFTrUoWEMAAAAAAAAAAAAAAQAAAQ.jpg
6905,A*_D7bQpKatBIAAAAAAAAAAAAACjV1AA.jpg
6906,A*HIV1RpdZYgsAAAAAAAAAAAAAAQAAAQ.jpg
6906,A*SXeCR7nGXhEOC29KkhgUNQAACjV1AA.jpg
6907,A*_xrTRrShDbEAAAAAAAAAAAAACjV1AA.jpg
6907,A*r1jnSYfguOoAAAAAAAAAAAAACjV1AA.jpg
6908,A*dQADTatW7r4AAAAAAAAAAAAAAQAAAQ.jpg
6908,A*0u3_SqHQVnEAAAAAAAAAAAAACjV1AA.jpg
6909,A*QC92Rp1mLj8AAAAAAAAAAAAAAQAAAQ.jpg
6909,A*p7IdRoNZlT0AAAAAAAAAAAAACjV1AA.jpg
6910,A*mpaURbseB0cAAAAAAAAAAAAAAQAAAQ.jpg
6910,A*9KlnQ47C6yIAAAAAAAAAAAAACjV1AA.jpg
6911,A*_r3QT5_K4I_CkklBtD9lIAAACjV1AA.jpg
6911,A*1BycTJO5QAUAAAAAAAAAAAAACjV1AA.jpg
6912,A*tg0nTbJxCQAAAAAAAAAAAAAAAQAAAQ.jpg
6912,A*EEhpQICw71mFXRJLrAX37gAACjV1AA.jpg
6913,A*PxTwSaOI6boAAAAAAAAAAAAAAQAAAQ.jpg
6913,A*qOeZQbnQN48AAAAAAAAAAAAACjV1AA.jpg
6914,A*0fTJSpyvmKEAAAAAAAAAAAAAAQAAAQ.jpg
6914,A*oGJdQLjJHY4AAAAAAAAAAAAACjV1AA.jpg
6915,A*cxT8TacKt8wAAAAAAAAAAAAAAQAAAQ.jpg
6915,A*04VuRaN5H40AAAAAAAAAAAAACjV1AA.jpg
6916,A*zPpuTYwPCTwAAAAAAAAAAAAAAQAAAQ.jpg
6916,A*sL4xSYWQAwAAAAAAAAAAAAAACjV1AA.jpg
6917,A*3mNDSrk9omoAAAAAAAAAAAAAAQAAAQ.jpg
6917,A*Epa2S7C3B34AAAAAAAAAAAAACjV1AA.jpg
6918,A*W8jRQ6eoDa0AAAAAAAAAAAAAAQAAAQ.jpg
6918,A*6YGjSZgX3SsAAAAAAAAAAAAACjV1AA.jpg
6919,A*8ULmS5zRiPwAAAAAAAAAAAAAAQAAAQ.jpg
6919,A*palpTpuwqB4AAAAAAAAAAAAACjV1AA.jpg
6920,A*XAKpQK1fQKMAAAAAAAAAAAAAAQAAAQ.jpg
6920,A*86BsTKZITwQAAAAAAAAAAAAACjV1AA.jpg
